family,d,p,q,n,rho,method,method_description,credit,credit_evidence_grade,credit_evidence,extended_status,tie,tie_note,parent,chain_root,credit_note,moller_bound,at_moller_bound,err_float64,err_extended,err_float128,digits_shipped,sum_weights,sum_weights_minus_1,min_weight,max_node_norm,min_face_distance,source_file,source_sha256,source_tree,float64_origin
legendre,2,1,1,1,1.000000,F,free nodes (no imposed symmetry),unrecorded,none,"no sidecar, worker-log or lineage evidence in either local tree",twin-shipped,"unestablished:Diallo and Worku, arXiv:2601.14488","our n=1 equals their published count, but the repo holds no node data for this cell — published counts for every degree are in symq/dw_counts.tsv, but node data (symq/dw_rules/) covers only square p 37-77 and cube p 27-45",unrecorded,unrecorded,"no entry in rules/literature.tsv or rules/lineage/; the per-rule lineage ledger only starts 2026-09-10, so this rule's origin is genuinely unrecorded. No evidence for this cell in any source consulted either: no worker log naming the file, no per-host provenance index naming it (comms/provenance/, which is how the office desktop and the laptop report their own logs), no lineage entry, no cluster harvest ledger (OSPool and Roar finds ARE recorded there), no downgrade entry and no sidecar reaching this count. So this deposit does not show who made it, in either direction",1,yes,0.000000e+00,0.000000e+00,0.000000e+00,17+80,1,+0.000e+00,1.000000e+00,0.7071067812,5.000000e-01,legendre_d2_p1_n1.csv,d03556eea425e6c1e00a132440b75652e4b12f2e71f5da81dd7fab46108058ee,sync,twin-round-down
legendre,2,3,2,4,1.000000,F,free nodes (no imposed symmetry),unrecorded,none,"no sidecar, worker-log or lineage evidence in either local tree",twin-shipped,"unestablished:Diallo and Worku, arXiv:2601.14488","our n=4 equals their published count, but the repo holds no node data for this cell — published counts for every degree are in symq/dw_counts.tsv, but node data (symq/dw_rules/) covers only square p 37-77 and cube p 27-45",unrecorded,unrecorded,"no entry in rules/literature.tsv or rules/lineage/; the per-rule lineage ledger only starts 2026-09-10, so this rule's origin is genuinely unrecorded. No evidence for this cell in any source consulted either: no worker log naming the file, no per-host provenance index naming it (comms/provenance/, which is how the office desktop and the laptop report their own logs), no lineage entry, no cluster harvest ledger (OSPool and Roar finds ARE recorded there), no downgrade entry and no sidecar reaching this count. So this deposit does not show who made it, in either direction",4,yes,2.015365e-17,5.244709e-75,2.544049e-35,17+80,1,+0.000e+00,2.087571e-01,1.079571803,1.235790e-01,legendre_d2_p3_n4.csv,24ed0871f026f6a4cebde9f6c3dda10012a3fa4a946418eebcf438af8087b2c7,sync,twin-round-down
legendre,2,5,3,7,0.881917,F,free nodes (no imposed symmetry),unrecorded,none,"no sidecar, worker-log or lineage evidence in either local tree",twin-shipped,"distinct:Festa and Sommariva 2012, J. Comput. Appl. Math. 236(17), 4296-4302","equal count n=7, and a different rule: smr05.csv: different node set up to the cube's symmetry (tol 1e-8); Diallo and Worku, arXiv:2601.14488: published count(s) 8 for this cell, ours is 7",unrecorded,unrecorded,"no entry in rules/literature.tsv or rules/lineage/; the per-rule lineage ledger only starts 2026-09-10, so this rule's origin is genuinely unrecorded. No evidence for this cell in any source consulted either: no worker log naming the file, no per-host provenance index naming it (comms/provenance/, which is how the office desktop and the laptop report their own logs), no lineage entry, no cluster harvest ledger (OSPool and Roar finds ARE recorded there), no downgrade entry and no sidecar reaching this count. So this deposit does not show who made it, in either direction",7,yes,2.775558e-17,1.447463e-76,2.407412e-35,17+80,1,-2.776e-17,9.795308e-02,1.190095116,4.553877e-02,legendre_d2_p5_n7.csv,42a10cbc0dc003725e212a46e30a7a15ffcb9ec86ed93099731f008ce2332fdf,sync,twin-round-down
legendre,2,7,4,12,0.866025,F,free nodes (no imposed symmetry),unrecorded,none,"no sidecar, worker-log or lineage evidence in either local tree",twin-shipped,"distinct:Festa and Sommariva 2012, J. Comput. Appl. Math. 236(17), 4296-4302 | unestablished:Diallo and Worku, arXiv:2601.14488","equal count n=12, and a different rule: smr07.csv: different node set up to the cube's symmetry (tol 1e-8); our n=12 equals their published count, but the repo holds no node data for this cell — published counts for every degree are in symq/dw_counts.tsv, but node data (symq/dw_rules/) covers only square p 37-77 and cube p 27-45",unrecorded,unrecorded,"no entry in rules/literature.tsv or rules/lineage/; the per-rule lineage ledger only starts 2026-09-10, so this rule's origin is genuinely unrecorded. No evidence for this cell in any source consulted either: no worker log naming the file, no per-host provenance index naming it (comms/provenance/, which is how the office desktop and the laptop report their own logs), no lineage entry, no cluster harvest ledger (OSPool and Roar finds ARE recorded there), no downgrade entry and no sidecar reaching this count. So this deposit does not show who made it, in either direction",12,yes,1.613557e-17,1.144393e-74,1.507063e-35,17+80,1,+0.000e+00,4.067088e-02,1.26245673,1.501852e-02,legendre_d2_p7_n12.csv,c980995bc1f07dd004c8d00c0ad3fa09f8f869e372f5ca871077d9339b6c53ca,sync,twin-round-down
legendre,2,9,5,17,0.824621,L,literature rule,"same-rule:Festa and Sommariva 2012, SMR09 (count first published by Moller 1976)",none,"no sidecar, worker-log or lineage evidence in either local tree",twin-shipped,"same-rule:Festa and Sommariva 2012, SMR09 (count first published by Moller 1976)","our bank file IS this published rule (rules/literature.tsv), confirmed here against smr09.csv",-,-,"our search converged to a rule identical to this published one; the rule is theirs, cite them",17,yes,2.775558e-17,1.437775e-78,1.619484e-35,17+80,1,-2.776e-17,2.221984e-02,1.301970241,1.557502e-02,legendre_d2_p9_n17.csv,2a1a9b88c026f04c09d9074e371b763385811c8e5a18cf205762e62e06b4aa29,sync,twin-round-down
legendre,2,11,6,24,0.816497,F,free nodes (no imposed symmetry),ours,cluster-find-ledger,"a cluster harvest ledger recorded this file as new to the bank — OSPool harvest ledger (cluster/finds_ospool.tsv), recorded new to the bank at the pull of 2026-09-02 19:12 UTC",twin-shipped,"distinct:Festa and Sommariva 2012, J. Comput. Appl. Math. 236(17), 4296-4302","equal count n=24, and a different rule: smr11.csv: different node set up to the cube's symmetry (tol 1e-8); Diallo and Worku, arXiv:2601.14488: published count(s) 28 for this cell, ours is 24",unrecorded,unrecorded,"our own tooling produced this rule — a cluster harvest ledger recorded this file as new to the bank — OSPool harvest ledger (cluster/finds_ospool.tsv), recorded new to the bank at the pull of 2026-09-02 19:12 UTC. There is no entry in rules/literature.tsv and no node-level match against the published rules held locally, so this is our work",24,yes,1.510509e-17,4.712622e-73,2.131730e-35,17+80,1,+0.000e+00,6.434395e-03,1.379313588,1.200071e-02,legendre_d2_p11_n24.csv,49becef6d01f0630cd504de597d929eb23082552842c6212fc7ce9584c645555,sync,twin-round-down
legendre,2,13,7,33,0.820652,L,literature rule,"same-rule:Festa and Sommariva 2012, SMR13",cluster-find-ledger,"a cluster harvest ledger recorded this file as new to the bank — OSPool harvest ledger (cluster/finds_ospool.tsv), recorded new to the bank at the pull of 2026-09-02 19:12 UTC",twin-shipped,"same-rule:Festa and Sommariva 2012, SMR13","our bank file IS this published rule (rules/literature.tsv), confirmed here against smr13.csv",-,-,"our search converged to a rule identical to this published one; the rule is theirs, cite them",31,no,2.775558e-17,4.148388e-72,4.548566e-36,17+80,1,+2.776e-17,7.497960e-03,1.349903962,8.256659e-03,legendre_d2_p13_n33.csv,b02bcaded12b5a427f51743f8b6857cb0e25174158467ec76dea8ce19041d728,sync,twin-round-down
legendre,2,15,8,43,0.819680,L,literature rule,"same-rule:Festa and Sommariva 2012, SMR15",cluster-find-ledger,"a cluster harvest ledger recorded this file as new to the bank — OSPool harvest ledger (cluster/finds_ospool.tsv), recorded new to the bank at the pull of 2026-09-02 19:12 UTC",twin-shipped,"same-rule:Festa and Sommariva 2012, SMR15","our bank file IS this published rule (rules/literature.tsv), confirmed here against smr15.csv",-,-,"our search converged to a rule identical to this published one; the rule is theirs, cite them",40,no,2.323975e-17,6.695123e-74,2.256949e-35,17+80,1,+5.204e-18,2.399496e-03,1.393026776,5.148210e-03,legendre_d2_p15_n43.csv,1b7df0eb87c8eca86ac63e91a52ca775415db0e3b71cbf6b3f491c445ac024e4,sync,twin-round-down
legendre,2,17,9,54,0.816497,F,free nodes (no imposed symmetry),unrecorded,none,"no sidecar, worker-log or lineage evidence in either local tree",twin-shipped,"distinct:Festa and Sommariva 2012, J. Comput. Appl. Math. 236(17), 4296-4302","equal count n=54, and a different rule: smr17.csv: different node set up to the cube's symmetry (tol 1e-8); Diallo and Worku, arXiv:2601.14488: published count(s) 57 for this cell, ours is 54",unrecorded,unrecorded,"no entry in rules/literature.tsv or rules/lineage/; the per-rule lineage ledger only starts 2026-09-10, so this rule's origin is genuinely unrecorded. No evidence for this cell in any source consulted either: no worker log naming the file, no per-host provenance index naming it (comms/provenance/, which is how the office desktop and the laptop report their own logs), no lineage entry, no cluster harvest ledger (OSPool and Roar finds ARE recorded there), no downgrade entry and no sidecar reaching this count. So this deposit does not show who made it, in either direction",49,no,1.105786e-17,1.466160e-78,1.641568e-35,17+80,1,+2.602e-18,2.287453e-03,1.376670729,2.774513e-03,legendre_d2_p17_n54.csv,8eee26ad79048453e6a9bcf6bd5c0807ae9e02158b298ec9acddc6368217fc56,sync,twin-round-down
legendre,2,19,10,67,0.818535,F,free nodes (no imposed symmetry),ours,lineage,"rules/lineage records how we made it: center merge: innermost pair #16 collapsed into a center node, free-node reconvergence (scratchpad/center_test.jl) (parent legendre_d2_p19_n68.csv)",twin-shipped,"distinct:Festa and Sommariva 2012, J. Comput. Appl. Math. 236(17), 4296-4302","equal count n=67, and a different rule: smr19.csv: different node set up to the cube's symmetry (tol 1e-8); Diallo and Worku, arXiv:2601.14488: published count(s) 72 for this cell, ours is 67",legendre_d2_p19_n68.csv,legendre_d2_p19_n68.csv,"our own tooling produced this rule — rules/lineage records how we made it: center merge: innermost pair #16 collapsed into a center node, free-node reconvergence (scratchpad/center_test.jl) (parent legendre_d2_p19_n68.csv). There is no entry in rules/literature.tsv and no node-level match against the published rules held locally, so this is our work",60,no,7.731999e-18,1.396709e-71,8.454935e-36,17+80,1,-4.337e-18,1.046620e-03,1.383794118,5.067378e-03,legendre_d2_p19_n67.csv,757f6faa0cad17ae6b8053c0b6a6af7cbf75d2c1ccb7e762e81cad42a6613a9f,sync,twin-round-down
legendre,2,21,11,81,0.818182,F,free nodes (no imposed symmetry),ours,lineage,"rules/lineage records how we made it: center merge: pair #38 collapsed into a center node, free-node reconvergence (center_test.jl) (parent legendre_d2_p21_n82.csv)",twin-shipped,"distinct:Festa and Sommariva 2012, J. Comput. Appl. Math. 236(17), 4296-4302","equal count n=81, and a different rule: smr21.csv: different node set up to the cube's symmetry (tol 1e-8); Diallo and Worku, arXiv:2601.14488: published count(s) 85 for this cell, ours is 81",legendre_d2_p21_n82.csv,legendre_d2_p21_n82.csv,"our own tooling produced this rule — rules/lineage records how we made it: center merge: pair #38 collapsed into a center node, free-node reconvergence (center_test.jl) (parent legendre_d2_p21_n82.csv). There is no entry in rules/literature.tsv and no node-level match against the published rules held locally, so this is our work",71,no,1.821460e-17,1.434863e-78,1.090859e-35,17+80,1,+1.821e-17,1.661768e-03,1.38444668,3.483352e-03,legendre_d2_p21_n81.csv,4d3e60171e12472a5f0d45c6dfe430364d166b8fc25fe318c83921a45c5c10f2,sync,twin-round-down
legendre,2,23,12,96,0.816497,F,free nodes (no imposed symmetry),unrecorded,none,"no sidecar, worker-log or lineage evidence in either local tree",twin-shipped,"distinct:Festa and Sommariva 2012, J. Comput. Appl. Math. 236(17), 4296-4302","equal count n=96, and a different rule: smr23.csv: different node set up to the cube's symmetry (tol 1e-8); Diallo and Worku, arXiv:2601.14488: published count(s) 101 for this cell, ours is 96",unrecorded,unrecorded,"no entry in rules/literature.tsv or rules/lineage/; the per-rule lineage ledger only starts 2026-09-10, so this rule's origin is genuinely unrecorded. No evidence for this cell in any source consulted either: no worker log naming the file, no per-host provenance index naming it (comms/provenance/, which is how the office desktop and the laptop report their own logs), no lineage entry, no cluster harvest ledger (OSPool and Roar finds ARE recorded there), no downgrade entry and no sidecar reaching this count. So this deposit does not show who made it, in either direction",84,no,1.645305e-17,2.476140e-78,1.062307e-35,17+80,1,-5.421e-18,6.113048e-04,1.392541778,2.053641e-03,legendre_d2_p23_n96.csv,b80828e2e04aaa95fb4f62f3fd08c5298b45362c882cbd1870262571c67f92c9,sync,twin-round-down
legendre,2,25,13,113,0.817704,L,literature rule,"transcribed:Festa and Sommariva 2012, SMR25",none,"no sidecar, worker-log or lineage evidence in either local tree",twin-shipped,"same-rule:Festa and Sommariva 2012, SMR25","our bank file IS this published rule (rules/literature.tsv), confirmed here against smr25.csv",-,-,"the published rule itself, copied into the bank; not ours in any sense",97,no,2.079720e-17,1.895813e-70,5.953065e-36,17+80,1,-2.080e-17,3.647569e-06,1.405242305,2.991529e-03,legendre_d2_p25_n113.csv,3047a2bb0b46f621660d7ea39d9d48f15ebbe1f7e91295d05b6a705d8168412c,sync,twin-round-down
legendre,2,27,14,131,0.817537,F,free nodes (no imposed symmetry),ours,lineage,"rules/lineage records how we made it: center merge: pair #56 collapsed into a center node, free-node reconvergence (center_test.jl) (parent legendre_d2_p27_n132.csv)",twin-shipped,no-tie,"Festa and Sommariva 2012, J. Comput. Appl. Math. 236(17), 4296-4302: published count(s) 132 for this cell, ours is 131; Diallo and Worku, arXiv:2601.14488: published count(s) 137 for this cell, ours is 131; literature survey (publish/shared/literature_best.tsv, source key festa_sommariva2012): best published count 132 for this cell, ours is 131",legendre_d2_p27_n132.csv,legendre_d2_p27_n132.csv,"our own tooling produced this rule — rules/lineage records how we made it: center merge: pair #56 collapsed into a center node, free-node reconvergence (center_test.jl) (parent legendre_d2_p27_n132.csv). There is no entry in rules/literature.tsv and no node-level match against the published rules held locally, so this is our work",112,no,1.029159e-17,1.178244e-70,6.060487e-36,17+80,1,-4.445e-18,2.573336e-04,1.401272615,1.648219e-03,legendre_d2_p27_n131.csv,fbd466816dc5b40304b632fa06094272482cf9b639cbdc6c8006d4c678f30ec9,sync,twin-round-down
legendre,2,29,15,150,0.816497,F,free nodes (no imposed symmetry),ours,cluster-find-ledger,"a cluster harvest ledger recorded this file as new to the bank — OSPool harvest ledger (cluster/finds_ospool.tsv), recorded new to the bank at the pull of 2026-09-02 16:50 UTC",twin-shipped,no-tie,"Festa and Sommariva 2012, J. Comput. Appl. Math. 236(17), 4296-4302: the 153-node rule for this cell has negative weights and is excluded from the comparison (see COMPARISON.md); Festa and Sommariva 2012, J. Comput. Appl. Math. 236(17), 4296-4302: published count(s) 153 for this cell, ours is 150; Diallo and Worku, arXiv:2601.14488: published count(s) 157 for this cell, ours is 150; Xiao and Gimbutas 2010, Comput. Math. Appl. 59, 663-676: published count(s) 152 for this cell, ours is 150; literature survey (publish/shared/literature_best.tsv, source key xiao_gimbutas2010): best published count 152 for this cell, ours is 150",unrecorded,unrecorded,"our own tooling produced this rule — a cluster harvest ledger recorded this file as new to the bank — OSPool harvest ledger (cluster/finds_ospool.tsv), recorded new to the bank at the pull of 2026-09-02 16:50 UTC. There is no entry in rules/literature.tsv and no node-level match against the published rules held locally, so this is our work",127,no,3.084178e-18,1.295380e-78,8.807238e-36,17+80,1,+4.337e-19,1.753277e-04,1.403149477,2.887010e-03,legendre_d2_p29_n150.csv,a0ff6366a8a59e8bfe9c89332427e913bc16e9a71e16faf6f5e8928f46842de5,sync,twin-round-down
legendre,2,31,16,171,0.817294,F,free nodes (no imposed symmetry),ours,lineage,"rules/lineage records how we made it: center merge: pair #70 collapsed into a center node, free-node reconvergence, jitter try 5 (center_test.jl) (parent legendre_d2_p31_n172.csv)",twin-shipped,no-tie,"Festa and Sommariva 2012, J. Comput. Appl. Math. 236(17), 4296-4302: the 172-node rule for this cell has negative weights and is excluded from the comparison (see COMPARISON.md); Festa and Sommariva 2012, J. Comput. Appl. Math. 236(17), 4296-4302: published count(s) 172 for this cell, ours is 171; Diallo and Worku, arXiv:2601.14488: published count(s) 177 for this cell, ours is 171; literature survey (publish/shared/literature_best.tsv, source key festa_sommariva2012): best published count 172 for this cell, ours is 171",legendre_d2_p31_n172.csv,legendre_d2_p31_n172.csv,"our own tooling produced this rule — rules/lineage records how we made it: center merge: pair #70 collapsed into a center node, free-node reconvergence, jitter try 5 (center_test.jl) (parent legendre_d2_p31_n172.csv). There is no entry in rules/literature.tsv and no node-level match against the published rules held locally, so this is our work",144,no,9.247429e-18,2.681375e-72,5.830452e-36,17+80,1,-8.565e-18,1.641750e-04,1.406666872,1.228546e-03,legendre_d2_p31_n171.csv,8c0dcfc3257d4efb8f87ed8685ad551d94812ee7e7c087864f7c0f2f96a925fc,sync,twin-round-down
legendre,2,33,17,194,0.819317,F,free nodes (no imposed symmetry),ours,cluster-find-ledger,"a cluster harvest ledger recorded this file as new to the bank — OSPool harvest ledger (cluster/finds_ospool.tsv), recorded new to the bank at the pull of 2026-09-02 16:50 UTC",twin-shipped,no-tie,"Festa and Sommariva 2012, J. Comput. Appl. Math. 236(17), 4296-4302: published count(s) 197 for this cell, ours is 194; Diallo and Worku, arXiv:2601.14488: published count(s) 201 for this cell, ours is 194; literature survey (publish/shared/literature_best.tsv, source key festa_sommariva2012): best published count 197 for this cell, ours is 194",unrecorded,unrecorded,"our own tooling produced this rule — a cluster harvest ledger recorded this file as new to the bank — OSPool harvest ledger (cluster/finds_ospool.tsv), recorded new to the bank at the pull of 2026-09-02 16:50 UTC. There is no entry in rules/literature.tsv and no node-level match against the published rules held locally, so this is our work",161,no,7.209944e-18,2.721971e-73,1.341738e-35,17+80,1,-7.210e-18,1.621446e-04,1.401392432,9.009198e-04,legendre_d2_p33_n194.csv,0ff94e51470f08abe6f326f2d43947afe03bf0d9a9c90c2f13f29b6ab960bfb1,sync,twin-round-down
legendre,2,35,18,216,0.816497,F,free nodes (no imposed symmetry),ours,cluster-find-ledger,"a cluster harvest ledger recorded this file as new to the bank — OSPool harvest ledger (cluster/finds_ospool.tsv), recorded new to the bank at the pull of 2026-09-03 10:50 UTC",twin-shipped,no-tie,"Festa and Sommariva 2012, J. Comput. Appl. Math. 236(17), 4296-4302: the 220-node rule for this cell has negative weights and is excluded from the comparison (see COMPARISON.md); Festa and Sommariva 2012, J. Comput. Appl. Math. 236(17), 4296-4302: published count(s) 220 for this cell, ours is 216; Diallo and Worku, arXiv:2601.14488: published count(s) 224 for this cell, ours is 216; literature survey (publish/shared/literature_best.tsv, source key festa_sommariva2012): best published count 220 for this cell, ours is 216",unrecorded,unrecorded,"our own tooling produced this rule — a cluster harvest ledger recorded this file as new to the bank — OSPool harvest ledger (cluster/finds_ospool.tsv), recorded new to the bank at the pull of 2026-09-03 10:50 UTC. There is no entry in rules/literature.tsv and no node-level match against the published rules held locally, so this is our work",180,no,5.946126e-18,1.922158e-77,9.686073e-36,17+80,1,-1.897e-18,1.664493e-04,1.403686861,7.393027e-04,legendre_d2_p35_n216.csv,b755cd7af4840c9ea24674d1bb09b024bd2cf17eb627e4ee27f2965d188b8606,sync,twin-round-down
legendre,2,37,19,242,0.818755,F,free nodes (no imposed symmetry),ours,log-names-file,"a worker log names this exact file on a production line — legendre_worker_d2p37_s6.log: banked legendre_d2_p37_n242.csv  (relative exactness 1.79e-14); another machine's index of ITS OWN worker logs names this exact file on a production line — comms/provenance/poppyrose.tsv (that machine's own log legendre_worker_d2p37_s6.log), banked 2026-09-09T16:37:37; a cluster harvest ledger recorded this file as new to the bank — OSPool harvest ledger (cluster/finds_ospool.tsv), recorded new to the bank at the pull of 2026-09-09 18:46 UTC; a cluster job log named this exact file on a production line — a job log on OSPool's access point named it (comms/provenance/clusters/ospool-ap40-logscan.tsv, log r1_14999820_273.out), banked 2026-09-09T14:29:20Z",twin-shipped,no-tie,"Festa and Sommariva 2012, J. Comput. Appl. Math. 236(17), 4296-4302: published count(s) 245 for this cell, ours is 242; Diallo and Worku, arXiv:2601.14488: published count(s) 249 for this cell, ours is 242; literature survey (publish/shared/literature_best.tsv, source key festa_sommariva2012): best published count 245 for this cell, ours is 242",unrecorded,unrecorded,"our own tooling produced this rule — a worker log names this exact file on a production line — legendre_worker_d2p37_s6.log: banked legendre_d2_p37_n242.csv  (relative exactness 1.79e-14); another machine's index of ITS OWN worker logs names this exact file on a production line — comms/provenance/poppyrose.tsv (that machine's own log legendre_worker_d2p37_s6.log), banked 2026-09-09T16:37:37; a cluster harvest ledger recorded this file as new to the bank — OSPool harvest ledger (cluster/finds_ospool.tsv), recorded new to the bank at the pull of 2026-09-09 18:46 UTC; a cluster job log named this exact file on a production line — a job log on OSPool's access point named it (comms/provenance/clusters/ospool-ap40-logscan.tsv, log r1_14999820_273.out), banked 2026-09-09T14:29:20Z. There is no entry in rules/literature.tsv and no node-level match against the published rules held locally, so this is our work",199,no,4.995514e-18,5.308274e-76,7.335085e-36,17+80,1,-3.090e-18,2.112763e-04,1.403125336,4.996796e-07,legendre_d2_p37_n242.csv,23ce5609f5a3b094837cb0f2869e1a603ef8bf84277ed2875ff1199b98db8134,sync,twin-round-down
legendre,2,39,20,268,0.818535,F,free nodes (no imposed symmetry),ours,log-names-file,"a worker log names this exact file on a production line — legendre_worker_d2p39_s6.log: banked legendre_d2_p39_n268.csv  (relative exactness 2.22e-16); another machine's index of ITS OWN worker logs names this exact file on a production line — comms/provenance/poppyrose.tsv (that machine's own log legendre_worker_d2p39_s6.log), banked 2026-09-09T17:11:11; a cluster harvest ledger recorded this file as new to the bank — OSPool harvest ledger (cluster/finds_ospool.tsv), recorded new to the bank at the pull of 2026-09-09 18:46 UTC; a cluster job log named this exact file on a production line — a job log on OSPool's access point named it (comms/provenance/clusters/ospool-ap40-logscan.tsv, log r1_14999820_276.out), banked 2026-09-09T14:27:39Z",twin-shipped,no-tie,"Festa and Sommariva 2012, J. Comput. Appl. Math. 236(17), 4296-4302: published count(s) 274 for this cell, ours is 268; Diallo and Worku, arXiv:2601.14488: published count(s) 277 for this cell, ours is 268; literature survey (publish/shared/literature_best.tsv, source key festa_sommariva2012): best published count 274 for this cell, ours is 268",unrecorded,unrecorded,"our own tooling produced this rule — a worker log names this exact file on a production line — legendre_worker_d2p39_s6.log: banked legendre_d2_p39_n268.csv  (relative exactness 2.22e-16); another machine's index of ITS OWN worker logs names this exact file on a production line — comms/provenance/poppyrose.tsv (that machine's own log legendre_worker_d2p39_s6.log), banked 2026-09-09T17:11:11; a cluster harvest ledger recorded this file as new to the bank — OSPool harvest ledger (cluster/finds_ospool.tsv), recorded new to the bank at the pull of 2026-09-09 18:46 UTC; a cluster job log named this exact file on a production line — a job log on OSPool's access point named it (comms/provenance/clusters/ospool-ap40-logscan.tsv, log r1_14999820_276.out), banked 2026-09-09T14:27:39Z. There is no entry in rules/literature.tsv and no node-level match against the published rules held locally, so this is our work",220,no,8.093802e-18,3.118714e-73,6.582768e-36,17+80,1,+1.301e-18,6.117957e-05,1.409884976,4.650297e-04,legendre_d2_p39_n268.csv,d3f95df554b96c7ac90b45a6a6dab5c3c96afcf925f024a8d0b3654018f6a97b,sync,twin-round-down
legendre,2,41,21,294,0.816497,F,free nodes (no imposed symmetry),ours,cluster-find-ledger,"a cluster harvest ledger recorded this file as new to the bank — OSPool harvest ledger (cluster/finds_ospool.tsv), recorded new to the bank at the pull of 2026-09-09 18:46 UTC; a cluster job log named this exact file on a production line — a job log on OSPool's access point named it (comms/provenance/clusters/ospool-ap40-logscan.tsv, log r1_14999820_278.out), banked 2026-09-09T14:29:42Z",twin-shipped,no-tie,"Festa and Sommariva 2012, J. Comput. Appl. Math. 236(17), 4296-4302: published count(s) 303 for this cell, ours is 294; Diallo and Worku, arXiv:2601.14488: published count(s) 304 for this cell, ours is 294; literature survey (publish/shared/literature_best.tsv, source key festa_sommariva2012): best published count 303 for this cell, ours is 294",unrecorded,unrecorded,"our own tooling produced this rule — a cluster harvest ledger recorded this file as new to the bank — OSPool harvest ledger (cluster/finds_ospool.tsv), recorded new to the bank at the pull of 2026-09-09 18:46 UTC; a cluster job log named this exact file on a production line — a job log on OSPool's access point named it (comms/provenance/clusters/ospool-ap40-logscan.tsv, log r1_14999820_278.out), banked 2026-09-09T14:29:42Z. There is no entry in rules/literature.tsv and no node-level match against the published rules held locally, so this is our work",241,no,1.001429e-17,3.790249e-74,4.227632e-36,17+80,1,-6.939e-18,7.414332e-05,1.40611782,9.998177e-04,legendre_d2_p41_n294.csv,9ef5553356d4a4aabade73c0d662d8f7712d5a2accacb342d51c166ab5da1079,sync,twin-round-down
legendre,2,43,22,324,0.818182,F,free nodes (no imposed symmetry),ours,cluster-find-ledger,"a cluster harvest ledger recorded this file as new to the bank — OSPool harvest ledger (cluster/finds_ospool.tsv), recorded new to the bank at the pull of 2026-09-09 18:46 UTC; a cluster job log named this exact file on a production line — a job log on OSPool's access point named it (comms/provenance/clusters/ospool-ap40-logscan.tsv, log r1_14999820_280.out), banked 2026-09-09T14:30:00Z",twin-shipped,no-tie,"Festa and Sommariva 2012, J. Comput. Appl. Math. 236(17), 4296-4302: published count(s) 331 for this cell, ours is 324; Diallo and Worku, arXiv:2601.14488: published count(s) 336 for this cell, ours is 324; literature survey (publish/shared/literature_best.tsv, source key festa_sommariva2012): best published count 331 for this cell, ours is 324",unrecorded,unrecorded,"our own tooling produced this rule — a cluster harvest ledger recorded this file as new to the bank — OSPool harvest ledger (cluster/finds_ospool.tsv), recorded new to the bank at the pull of 2026-09-09 18:46 UTC; a cluster job log named this exact file on a production line — a job log on OSPool's access point named it (comms/provenance/clusters/ospool-ap40-logscan.tsv, log r1_14999820_280.out), banked 2026-09-09T14:30:00Z. There is no entry in rules/literature.tsv and no node-level match against the published rules held locally, so this is our work",264,no,8.748611e-18,8.642523e-73,1.127173e-35,17+80,1,+8.159e-18,6.516295e-05,1.410400399,6.676211e-04,legendre_d2_p43_n324.csv,c7394f40b7a988bae44fd56e115404624f29d961f2e7c1baced60f52126c868e,sync,twin-round-down
legendre,2,45,23,356,0.820346,F,free nodes (no imposed symmetry),ours,host-provenance-index,"another machine's index of ITS OWN worker logs names this exact file on a production line — comms/provenance/L2ECON-LT0002.tsv (that machine's own log legendre_worker_d2p45_s16.log), banked 2026-09-10T04:09:23",twin-shipped,no-tie,"Festa and Sommariva 2012, J. Comput. Appl. Math. 236(17), 4296-4302: published count(s) 359 for this cell, ours is 356; Diallo and Worku, arXiv:2601.14488: published count(s) 365 for this cell, ours is 356; literature survey (publish/shared/literature_best.tsv, source key festa_sommariva2012): best published count 359 for this cell, ours is 356",unrecorded,unrecorded,"our own tooling produced this rule — another machine's index of ITS OWN worker logs names this exact file on a production line — comms/provenance/L2ECON-LT0002.tsv (that machine's own log legendre_worker_d2p45_s16.log), banked 2026-09-10T04:09:23. There is no entry in rules/literature.tsv and no node-level match against the published rules held locally, so this is our work",287,no,8.632960e-18,8.913460e-72,6.561938e-36,17+80,1,+8.633e-18,4.411974e-05,1.410905706,1.467224e-04,legendre_d2_p45_n356.csv,13fd882d3ab3f7fda6131a4b1d0bc8629a18cf90f04ac2ac11a2d1f28eeb7079,sync,twin-round-down
legendre,2,47,24,388,0.820738,F,free nodes (no imposed symmetry),ours,host-provenance-index,"another machine's index of ITS OWN worker logs names this exact file on a production line — comms/provenance/L2ECON-LT0002.tsv (that machine's own log legendre_worker_d2p47_s16.log), banked 2026-09-10T03:10:04",twin-shipped,no-tie,"Festa and Sommariva 2012, J. Comput. Appl. Math. 236(17), 4296-4302: published count(s) 396 for this cell, ours is 388; Diallo and Worku, arXiv:2601.14488: published count(s) 397 for this cell, ours is 388; literature survey (publish/shared/literature_best.tsv, source key festa_sommariva2012): best published count 396 for this cell, ours is 388",unrecorded,unrecorded,"our own tooling produced this rule — another machine's index of ITS OWN worker logs names this exact file on a production line — comms/provenance/L2ECON-LT0002.tsv (that machine's own log legendre_worker_d2p47_s16.log), banked 2026-09-10T03:10:04. There is no entry in rules/literature.tsv and no node-level match against the published rules held locally, so this is our work",312,no,4.541841e-18,2.133217e-71,4.854792e-36,17+80,1,-1.830e-18,4.763416e-05,1.410845307,7.861388e-04,legendre_d2_p47_n388.csv,9e301f3cc7706ac691fc93d2d87340323713b930fd1f3383c577cd47250a93cf,sync,twin-round-down
legendre,2,49,25,422,0.821706,F,free nodes (no imposed symmetry),ours,cluster-find-ledger,"a cluster harvest ledger recorded this file as new to the bank — OSPool harvest ledger (cluster/finds_ospool.tsv), recorded new to the bank at the pull of 2026-09-09 18:46 UTC; a cluster job log named this exact file on a production line — a job log on OSPool's access point named it (comms/provenance/clusters/ospool-ap40-logscan.tsv, log r1_14999820_286.out), banked 2026-09-09T14:34:04Z",twin-shipped,no-tie,"Festa and Sommariva 2012, J. Comput. Appl. Math. 236(17), 4296-4302: published count(s) 427 for this cell, ours is 422; Diallo and Worku, arXiv:2601.14488: published count(s) 433 for this cell, ours is 422; literature survey (publish/shared/literature_best.tsv, source key festa_sommariva2012): best published count 427 for this cell, ours is 422",unrecorded,unrecorded,"our own tooling produced this rule — a cluster harvest ledger recorded this file as new to the bank — OSPool harvest ledger (cluster/finds_ospool.tsv), recorded new to the bank at the pull of 2026-09-09 18:46 UTC; a cluster job log named this exact file on a production line — a job log on OSPool's access point named it (comms/provenance/clusters/ospool-ap40-logscan.tsv, log r1_14999820_286.out), banked 2026-09-09T14:34:04Z. There is no entry in rules/literature.tsv and no node-level match against the published rules held locally, so this is our work",337,no,7.372575e-18,2.458036e-78,8.562248e-36,17+80,1,+7.373e-18,7.855637e-05,1.408866098,1.545076e-04,legendre_d2_p49_n422.csv,2fc593e5fcab0fc2b3f2f0e4d652381953fda179597c42bbb5bcee9ff5d712f7,sync,twin-round-down
legendre,2,51,26,456,0.821314,F,free nodes (no imposed symmetry),ours,cluster-find-ledger,"a cluster harvest ledger recorded this file as new to the bank — OSPool harvest ledger (cluster/finds_ospool.tsv), recorded new to the bank at the pull of 2026-09-09 18:46 UTC; a cluster job log named this exact file on a production line — a job log on OSPool's access point named it (comms/provenance/clusters/ospool-ap40-logscan.tsv, log r1_14999820_287.out), banked 2026-09-09T15:10:16Z",twin-shipped,no-tie,"Festa and Sommariva 2012, J. Comput. Appl. Math. 236(17), 4296-4302: published count(s) 462 for this cell, ours is 456; Diallo and Worku, arXiv:2601.14488: published count(s) 465 for this cell, ours is 456; literature survey (publish/shared/literature_best.tsv, source key festa_sommariva2012): best published count 462 for this cell, ours is 456",unrecorded,unrecorded,"our own tooling produced this rule — a cluster harvest ledger recorded this file as new to the bank — OSPool harvest ledger (cluster/finds_ospool.tsv), recorded new to the bank at the pull of 2026-09-09 18:46 UTC; a cluster job log named this exact file on a production line — a job log on OSPool's access point named it (comms/provenance/clusters/ospool-ap40-logscan.tsv, log r1_14999820_287.out), banked 2026-09-09T15:10:16Z. There is no entry in rules/literature.tsv and no node-level match against the published rules held locally, so this is our work",364,no,7.061046e-18,8.067621e-73,3.855621e-36,17+80,1,+3.822e-18,6.295091e-05,1.408339728,3.416173e-05,legendre_d2_p51_n456.csv,d29ec0bbc4f7e7ce756ee861a40cf7a1af73a995343650eded7798f6741beb00,sync,twin-round-down
legendre,2,53,27,492,0.821521,F,free nodes (no imposed symmetry),ours,cluster-find-ledger,"a cluster harvest ledger recorded this file as new to the bank — OSPool harvest ledger (cluster/finds_ospool.tsv), recorded new to the bank at the pull of 2026-09-09 18:46 UTC; a cluster job log named this exact file on a production line — a job log on OSPool's access point named it (comms/provenance/clusters/ospool-ap40-logscan.tsv, log r1_14999820_290.out), banked 2026-09-09T14:36:44Z",twin-shipped,no-tie,"Festa and Sommariva 2012, J. Comput. Appl. Math. 236(17), 4296-4302: published count(s) 498 for this cell, ours is 492; Diallo and Worku, arXiv:2601.14488: published count(s) 501 for this cell, ours is 492; literature survey (publish/shared/literature_best.tsv, source key festa_sommariva2012): best published count 498 for this cell, ours is 492",unrecorded,unrecorded,"our own tooling produced this rule — a cluster harvest ledger recorded this file as new to the bank — OSPool harvest ledger (cluster/finds_ospool.tsv), recorded new to the bank at the pull of 2026-09-09 18:46 UTC; a cluster job log named this exact file on a production line — a job log on OSPool's access point named it (comms/provenance/clusters/ospool-ap40-logscan.tsv, log r1_14999820_290.out), banked 2026-09-09T14:36:44Z. There is no entry in rules/literature.tsv and no node-level match against the published rules held locally, so this is our work",391,no,1.934627e-18,7.138826e-75,3.446511e-36,17+80,1,-1.762e-18,4.908801e-05,1.408692929,2.516744e-04,legendre_d2_p53_n492.csv,92dab05bbc5f701400dee3cc125488d5ffdfa94b153beff179c3126912126f87,sync,twin-round-down
legendre,2,55,28,528,0.820652,F,free nodes (no imposed symmetry),ours,cluster-find-ledger,"a cluster harvest ledger recorded this file as new to the bank — OSPool harvest ledger (cluster/finds_ospool.tsv), recorded new to the bank at the pull of 2026-09-09 18:46 UTC; a cluster job log named this exact file on a production line — a job log on OSPool's access point named it (comms/provenance/clusters/ospool-ap40-logscan.tsv, log r1_14999820_291.out), banked 2026-09-09T15:12:25Z",twin-shipped,no-tie,"Festa and Sommariva 2012, J. Comput. Appl. Math. 236(17), 4296-4302: published count(s) 536 for this cell, ours is 528; Diallo and Worku, arXiv:2601.14488: published count(s) 541 for this cell, ours is 528; literature survey (publish/shared/literature_best.tsv, source key festa_sommariva2012): best published count 536 for this cell, ours is 528",unrecorded,unrecorded,"our own tooling produced this rule — a cluster harvest ledger recorded this file as new to the bank — OSPool harvest ledger (cluster/finds_ospool.tsv), recorded new to the bank at the pull of 2026-09-09 18:46 UTC; a cluster job log named this exact file on a production line — a job log on OSPool's access point named it (comms/provenance/clusters/ospool-ap40-logscan.tsv, log r1_14999820_291.out), banked 2026-09-09T15:12:25Z. There is no entry in rules/literature.tsv and no node-level match against the published rules held locally, so this is our work",420,no,8.012519e-18,2.688374e-70,4.938105e-36,17+80,1,+2.019e-18,2.196017e-05,1.409064102,3.511964e-04,legendre_d2_p55_n528.csv,94211d2bef6b5cd3fe9fdda938a641194b848dbea9a56b247ba25b5059e9e336,sync,twin-round-down
legendre,2,57,29,570,0.823265,F,free nodes (no imposed symmetry),ours,cluster-find-ledger,"a cluster harvest ledger recorded this file as new to the bank — OSPool harvest ledger (cluster/finds_ospool.tsv), recorded new to the bank at the pull of 2026-09-09 18:46 UTC; a cluster job log named this exact file on a production line — a job log on OSPool's access point named it (comms/provenance/clusters/ospool-ap40-logscan.tsv, log r1_14999820_293.out), banked 2026-09-09T15:17:42Z",twin-shipped,no-tie,"Diallo and Worku, arXiv:2601.14488: published count(s) 576 for this cell, ours is 570; literature survey (publish/shared/literature_best.tsv, source key diallo_worku2026): best published count 576 for this cell, ours is 570",unrecorded,unrecorded,"our own tooling produced this rule — a cluster harvest ledger recorded this file as new to the bank — OSPool harvest ledger (cluster/finds_ospool.tsv), recorded new to the bank at the pull of 2026-09-09 18:46 UTC; a cluster job log named this exact file on a production line — a job log on OSPool's access point named it (comms/provenance/clusters/ospool-ap40-logscan.tsv, log r1_14999820_293.out), banked 2026-09-09T15:17:42Z. There is no entry in rules/literature.tsv and no node-level match against the published rules held locally, so this is our work",449,no,6.390506e-18,2.025335e-71,5.777555e-36,17+80,1,-6.315e-18,1.939503e-05,1.409527534,4.999294e-07,legendre_d2_p57_n570.csv,5304a130efe3a01cd63bdd29b37ed115f475462fb38b45b1d63b6a257e25a2b4,sync,twin-round-down
legendre,2,59,30,606,0.820569,F,free nodes (no imposed symmetry),ours,cluster-find-ledger,"a cluster harvest ledger recorded this file as new to the bank — OSPool harvest ledger (cluster/finds_ospool.tsv), recorded new to the bank at the pull of 2026-09-09 22:42 UTC; a cluster job log named this exact file on a production line — a job log on OSPool's access point named it (comms/provenance/clusters/ospool-ap40-logscan.tsv, log r2_15001979_295.out), banked 2026-09-09T18:25:41Z",twin-shipped,no-tie,"Diallo and Worku, arXiv:2601.14488: published count(s) 613 for this cell, ours is 606; literature survey (publish/shared/literature_best.tsv, source key diallo_worku2026): best published count 613 for this cell, ours is 606",unrecorded,unrecorded,"our own tooling produced this rule — a cluster harvest ledger recorded this file as new to the bank — OSPool harvest ledger (cluster/finds_ospool.tsv), recorded new to the bank at the pull of 2026-09-09 22:42 UTC; a cluster job log named this exact file on a production line — a job log on OSPool's access point named it (comms/provenance/clusters/ospool-ap40-logscan.tsv, log r2_15001979_295.out), banked 2026-09-09T18:25:41Z. There is no entry in rules/literature.tsv and no node-level match against the published rules held locally, so this is our work",480,no,7.152706e-18,1.200942e-72,4.264298e-36,17+80,1,-1.186e-18,1.073973e-05,1.41178096,4.935953e-07,legendre_d2_p59_n606.csv,c3be9aa913c3d7838bebf6c70787054b5632ea81180b7f1a961307f66c593ba5,sync,twin-round-down
legendre,2,61,31,642,0.817346,F,free nodes (no imposed symmetry),ours,cluster-find-ledger,"a cluster harvest ledger recorded this file as new to the bank — OSPool harvest ledger (cluster/finds_ospool.tsv), recorded new to the bank at the pull of 2026-09-10 16:41 UTC; a cluster job log named this exact file on a production line — a job log on OSPool's access point named it (comms/provenance/clusters/ospool-ap40-logscan.tsv, log r3_15008808_295.out), banked 2026-09-09T21:04:57Z",twin-shipped,no-tie,"Diallo and Worku, arXiv:2601.14488: published count(s) 660 for this cell, ours is 642; literature survey (publish/shared/literature_best.tsv, source key diallo_worku2026): best published count 660 for this cell, ours is 642",unrecorded,unrecorded,"our own tooling produced this rule — a cluster harvest ledger recorded this file as new to the bank — OSPool harvest ledger (cluster/finds_ospool.tsv), recorded new to the bank at the pull of 2026-09-10 16:41 UTC; a cluster job log named this exact file on a production line — a job log on OSPool's access point named it (comms/provenance/clusters/ospool-ap40-logscan.tsv, log r3_15008808_295.out), banked 2026-09-09T21:04:57Z. There is no entry in rules/literature.tsv and no node-level match against the published rules held locally, so this is our work",511,no,7.706025e-18,1.970495e-78,3.861749e-36,17+80,1,-4.601e-18,9.496125e-06,1.412757297,1.503003e-04,legendre_d2_p61_n642.csv,27d4aeea621211c2a5dbd19a35f1b6b52c9d3a30ed5b2a3ac15f1799e3d4218d,sync,twin-round-down
legendre,2,63,32,692,0.822059,F,free nodes (no imposed symmetry),ours,cluster-find-ledger,"a cluster harvest ledger recorded this file as new to the bank — OSPool harvest ledger (cluster/finds_ospool.tsv), recorded new to the bank at the pull of 2026-09-09 18:46 UTC; a cluster job log named this exact file on a production line — a job log on OSPool's access point named it (comms/provenance/clusters/ospool-ap40-logscan.tsv, log r1_14999820_299.out), banked 2026-09-09T15:16:00Z",twin-shipped,no-tie,"Diallo and Worku, arXiv:2601.14488: published count(s) 709 for this cell, ours is 692; literature survey (publish/shared/literature_best.tsv, source key diallo_worku2026): best published count 709 for this cell, ours is 692",unrecorded,unrecorded,"our own tooling produced this rule — a cluster harvest ledger recorded this file as new to the bank — OSPool harvest ledger (cluster/finds_ospool.tsv), recorded new to the bank at the pull of 2026-09-09 18:46 UTC; a cluster job log named this exact file on a production line — a job log on OSPool's access point named it (comms/provenance/clusters/ospool-ap40-logscan.tsv, log r1_14999820_299.out), banked 2026-09-09T15:16:00Z. There is no entry in rules/literature.tsv and no node-level match against the published rules held locally, so this is our work",544,no,4.319889e-18,1.058833e-74,2.810666e-36,17+80,1,+2.490e-18,9.317281e-06,1.412700528,4.943035e-07,legendre_d2_p63_n692.csv,b59e3b068ed1db7842acfd7ff6188a38453863eaa3a27ccb93589e8813621757,sync,twin-round-down
legendre,2,65,33,732,0.819864,F,free nodes (no imposed symmetry),ours,cluster-find-ledger,"a cluster harvest ledger recorded this file as new to the bank — OSPool harvest ledger (cluster/finds_ospool.tsv), recorded new to the bank at the pull of 2026-09-11 02:18 UTC; a cluster job log named this exact file on a production line — a job log on OSPool's access point named it (comms/provenance/clusters/ospool-ap40-logscan.tsv, log r4_15081643_191.out), banked 2026-09-10T15:51:29Z",twin-shipped,no-tie,"Diallo and Worku, arXiv:2601.14488: published count(s) 757 for this cell, ours is 732; literature survey (publish/shared/literature_best.tsv, source key diallo_worku2026): best published count 757 for this cell, ours is 732",unrecorded,unrecorded,"our own tooling produced this rule — a cluster harvest ledger recorded this file as new to the bank — OSPool harvest ledger (cluster/finds_ospool.tsv), recorded new to the bank at the pull of 2026-09-11 02:18 UTC; a cluster job log named this exact file on a production line — a job log on OSPool's access point named it (comms/provenance/clusters/ospool-ap40-logscan.tsv, log r4_15081643_191.out), banked 2026-09-10T15:51:29Z. There is no entry in rules/literature.tsv and no node-level match against the published rules held locally, so this is our work",577,no,4.724307e-18,5.704663e-71,4.343756e-36,17+80,1,-1.118e-18,1.478792e-05,1.410298131,3.433621e-04,legendre_d2_p65_n732.csv,8134aab11e81de76cd50d8601d70ae39a911075a06da800872956c374500b5e7,sync,twin-round-down
legendre,2,67,34,780,0.821426,F,free nodes (no imposed symmetry),ours,cluster-find-ledger,"a cluster harvest ledger recorded this file as new to the bank — OSPool harvest ledger (cluster/finds_ospool.tsv), recorded new to the bank at the pull of 2026-09-10 16:41 UTC; a cluster job log named this exact file on a production line — a job log on OSPool's access point named it (comms/provenance/clusters/ospool-ap40-logscan.tsv, log r3_15008808_302.out), banked 2026-09-09T21:57:45Z",twin-shipped,no-tie,"Diallo and Worku, arXiv:2601.14488: published count(s) 805 for this cell, ours is 780; literature survey (publish/shared/literature_best.tsv, source key diallo_worku2026): best published count 805 for this cell, ours is 780",unrecorded,unrecorded,"our own tooling produced this rule — a cluster harvest ledger recorded this file as new to the bank — OSPool harvest ledger (cluster/finds_ospool.tsv), recorded new to the bank at the pull of 2026-09-10 16:41 UTC; a cluster job log named this exact file on a production line — a job log on OSPool's access point named it (comms/provenance/clusters/ospool-ap40-logscan.tsv, log r3_15008808_302.out), banked 2026-09-09T21:57:45Z. There is no entry in rules/literature.tsv and no node-level match against the published rules held locally, so this is our work",612,no,2.534380e-18,1.952655e-73,2.510526e-36,17+80,1,+7.759e-19,7.907664e-06,1.41218623,2.136227e-04,legendre_d2_p67_n780.csv,bb7bade1eaa129ab40e1378985b6c5cac1fca7bd1622b058804970da2cb5dbb2,sync,twin-round-down
legendre,2,69,35,826,0.821149,F,free nodes (no imposed symmetry),ours,cluster-find-ledger,"a cluster harvest ledger recorded this file as new to the bank — OSPool harvest ledger (cluster/finds_ospool.tsv), recorded new to the bank at the pull of 2026-09-10 16:41 UTC; a cluster job log named this exact file on a production line — a job log on OSPool's access point named it (comms/provenance/clusters/ospool-ap40-logscan.tsv, log r3_15008808_303.out), banked 2026-09-09T22:50:19Z",twin-shipped,no-tie,"Diallo and Worku, arXiv:2601.14488: published count(s) 849 for this cell, ours is 826; literature survey (publish/shared/literature_best.tsv, source key diallo_worku2026): best published count 849 for this cell, ours is 826",unrecorded,unrecorded,"our own tooling produced this rule — a cluster harvest ledger recorded this file as new to the bank — OSPool harvest ledger (cluster/finds_ospool.tsv), recorded new to the bank at the pull of 2026-09-10 16:41 UTC; a cluster job log named this exact file on a production line — a job log on OSPool's access point named it (comms/provenance/clusters/ospool-ap40-logscan.tsv, log r3_15008808_303.out), banked 2026-09-09T22:50:19Z. There is no entry in rules/literature.tsv and no node-level match against the published rules held locally, so this is our work",647,no,3.203479e-18,1.004699e-70,2.965933e-36,17+80,1,-3.203e-18,7.015165e-06,1.413097676,3.488998e-04,legendre_d2_p69_n826.csv,193cc106bc4af996f6f3e5fefd706adaafd230321a0a750bbd3e2cb1a2467bee,sync,twin-round-down
legendre,2,71,36,872,0.820268,F,free nodes (no imposed symmetry),ours,cluster-find-ledger,"a cluster harvest ledger recorded this file as new to the bank — OSPool harvest ledger (cluster/finds_ospool.tsv), recorded new to the bank at the pull of 2026-09-10 16:41 UTC; a cluster job log named this exact file on a production line — a job log on OSPool's access point named it (comms/provenance/clusters/ospool-ap40-logscan.tsv, log r3_15008808_305.out), banked 2026-09-09T23:26:21Z",twin-shipped,no-tie,"Diallo and Worku, arXiv:2601.14488: published count(s) 904 for this cell, ours is 872; literature survey (publish/shared/literature_best.tsv, source key diallo_worku2026): best published count 904 for this cell, ours is 872",unrecorded,unrecorded,"our own tooling produced this rule — a cluster harvest ledger recorded this file as new to the bank — OSPool harvest ledger (cluster/finds_ospool.tsv), recorded new to the bank at the pull of 2026-09-10 16:41 UTC; a cluster job log named this exact file on a production line — a job log on OSPool's access point named it (comms/provenance/clusters/ospool-ap40-logscan.tsv, log r3_15008808_305.out), banked 2026-09-09T23:26:21Z. There is no entry in rules/literature.tsv and no node-level match against the published rules held locally, so this is our work",684,no,7.451843e-18,2.139465e-73,4.701333e-36,17+80,1,+4.506e-18,1.419597e-05,1.412237398,9.290434e-05,legendre_d2_p71_n872.csv,8d7f3a78811f15da49b043e749de5c295612eef72db85939083cd451a3545f75,sync,twin-round-down
legendre,2,73,37,922,0.820661,F,free nodes (no imposed symmetry),ours,cluster-find-ledger,"a cluster harvest ledger recorded this file as new to the bank — OSPool harvest ledger (cluster/finds_ospool.tsv), recorded new to the bank at the pull of 2026-09-11 02:18 UTC; a cluster job log named this exact file on a production line — a job log on OSPool's access point named it (comms/provenance/clusters/ospool-ap40-logscan.tsv, log r4_15081643_199.out), banked 2026-09-10T17:19:04Z",twin-shipped,no-tie,"Diallo and Worku, arXiv:2601.14488: published count(s) 953 for this cell, ours is 922; literature survey (publish/shared/literature_best.tsv, source key diallo_worku2026): best published count 953 for this cell, ours is 922",unrecorded,unrecorded,"our own tooling produced this rule — a cluster harvest ledger recorded this file as new to the bank — OSPool harvest ledger (cluster/finds_ospool.tsv), recorded new to the bank at the pull of 2026-09-11 02:18 UTC; a cluster job log named this exact file on a production line — a job log on OSPool's access point named it (comms/provenance/clusters/ospool-ap40-logscan.tsv, log r4_15081643_199.out), banked 2026-09-10T17:19:04Z. There is no entry in rules/literature.tsv and no node-level match against the published rules held locally, so this is our work",721,no,4.631576e-18,1.515478e-70,3.308439e-36,17+80,1,+4.632e-18,1.231460e-05,1.411452792,2.725591e-04,legendre_d2_p73_n922.csv,0acf799f0480828376f506392d7f275b1bffd69d8e328af56176555d52e43b30,sync,twin-round-down
legendre,2,75,38,980,0.823815,F,free nodes (no imposed symmetry),ours,cluster-find-ledger,"a cluster harvest ledger recorded this file as new to the bank — OSPool harvest ledger (cluster/finds_ospool.tsv), recorded new to the bank at the pull of 2026-09-11 16:50 UTC; a cluster job log named this exact file on a production line — a job log on OSPool's access point named it (comms/provenance/clusters/ospool-ap40-logscan.tsv, log r5_15142798_201.out), banked 2026-09-11T01:30:15Z",twin-shipped,no-tie,"Diallo and Worku, arXiv:2601.14488: published count(s) 1001 for this cell, ours is 980; literature survey (publish/shared/literature_best.tsv, source key diallo_worku2026): best published count 1001 for this cell, ours is 980",unrecorded,unrecorded,"our own tooling produced this rule — a cluster harvest ledger recorded this file as new to the bank — OSPool harvest ledger (cluster/finds_ospool.tsv), recorded new to the bank at the pull of 2026-09-11 16:50 UTC; a cluster job log named this exact file on a production line — a job log on OSPool's access point named it (comms/provenance/clusters/ospool-ap40-logscan.tsv, log r5_15142798_201.out), banked 2026-09-11T01:30:15Z. There is no entry in rules/literature.tsv and no node-level match against the published rules held locally, so this is our work",760,no,3.795121e-18,2.053912e-70,4.926716e-36,17+80,1,-2.426e-18,1.035265e-05,1.411838791,1.383477e-04,legendre_d2_p75_n980.csv,a7a1e2cfdbbd9e032cbaa16cbb994093ddd684bf538a60141f4ac5da406b5472,sync,twin-round-down
legendre,2,77,39,1032,0.823712,F,free nodes (no imposed symmetry),"derived-from:dw_d2_p77_n1049.csv (Diallo and Worku, arXiv:2601.14488, their published rule for this same d=2 p=77 cell)",log-names-file,"a worker log names this exact file on a production line — dw_warm_d2p77.log: 2026-09-11 14:34:15  BANKED legendre_d2_p77_n1032.csv (relerr 8.9e-16); another machine's index of ITS OWN worker logs names this exact file on a production line — comms/provenance/poppyrose.tsv (that machine's own log dw_warm_d2p77.log), banked 2026-09-11T14:34:15",twin-shipped,no-tie,"Diallo and Worku, arXiv:2601.14488: published count(s) 1049 for this cell, ours is 1032; literature survey (publish/shared/literature_best.tsv, source key diallo_worku2026): best published count 1049 for this cell, ours is 1032",legendre_d2_p77_n1034.csv,dw:dw_d2_p77_n1049.csv,"our pair elimination started from their published rule in this cell and went below it: the count is ours, the starting point is theirs",799,no,5.113516e-18,6.859382e-74,5.587306e-36,17+80,1,+5.438e-19,5.123054e-06,1.413313248,4.929671e-05,legendre_d2_p77_n1032.csv,9ebe596eb9a460db5b47d65cf1a3d2f846a51835c73d1bf413c83e3a15040569,sync,twin-round-down
legendre,3,1,1,1,1.000000,I,icosahedral (d=3),unrecorded,none,"no sidecar, worker-log or lineage evidence in either local tree",twin-shipped,"unestablished:Diallo and Worku, arXiv:2601.14488","our n=1 equals their published count, but the repo holds no node data for this cell — published counts for every degree are in symq/dw_counts.tsv, but node data (symq/dw_rules/) covers only square p 37-77 and cube p 27-45",unrecorded,unrecorded,"no entry in rules/literature.tsv or rules/lineage/; the per-rule lineage ledger only starts 2026-09-10, so this rule's origin is genuinely unrecorded. No evidence for this cell in any source consulted either: no worker log naming the file, no per-host provenance index naming it (comms/provenance/, which is how the office desktop and the laptop report their own logs), no lineage entry, no cluster harvest ledger (OSPool and Roar finds ARE recorded there), no downgrade entry and no sidecar reaching this count. So this deposit does not show who made it, in either direction",1,yes,0.000000e+00,0.000000e+00,0.000000e+00,17+80,1,+0.000e+00,1.000000e+00,0.8660254038,5.000000e-01,legendre_d3_p1_n1.csv,34cf016ed78ceee10a8c92f890ae1dbfde7d8d3a53bfbe5a4486751fbcb4dd16,sync,twin-round-down
legendre,3,3,2,6,0.908560,F,free nodes (no imposed symmetry),ours,host-provenance-index,"another machine's index of ITS OWN worker logs names this exact file on a production line — comms/provenance/L2ECON-LT0002.tsv (that machine's own log legendre.log), banked 2026-09-11T14:38:02",twin-shipped,"unestablished:A. H. Stroud, Approximate Calculation of Multiple Integrals, Prentice-Hall, 1971.","Diallo and Worku, arXiv:2601.14488: published count(s) 8 for this cell, ours is 6; per the literature survey (publish/shared/literature_best.tsv, source key stroud1971): our n=6 equals the best published count; UNESTABLISHED - the repo does not record a node-for-node comparison for this cell. Settled by comparing our banked rule with the published coordinates.",unrecorded,unrecorded,"our own tooling produced this rule — another machine's index of ITS OWN worker logs names this exact file on a production line — comms/provenance/L2ECON-LT0002.tsv (that machine's own log legendre.log), banked 2026-09-11T14:38:02. There is no entry in rules/literature.tsv and no node-level match against the published rules held locally, so this is our work",6,yes,3.075673e-17,1.143200e-76,1.797433e-35,17+80,1,+0.000e+00,1.495627e-01,1.260510852,5.933834e-02,legendre_d3_p3_n6.csv,0ae30e04257dedce30acc9b1923492a2c729034a15e6a95dd624d8566e7eb7e8,sync,twin-round-down
legendre,3,5,3,13,0.783778,F,free nodes (no imposed symmetry),ours,cluster-find-ledger,"a cluster harvest ledger recorded this file as new to the bank — OSPool harvest ledger (cluster/finds_ospool.tsv), recorded new to the bank at the pull of 2026-09-02 19:12 UTC",twin-shipped,"unestablished:A. H. Stroud, Approximate Calculation of Multiple Integrals, Prentice-Hall, 1971.","Diallo and Worku, arXiv:2601.14488: published count(s) 14 for this cell, ours is 13; per the literature survey (publish/shared/literature_best.tsv, source key stroud1971): our n=13 equals the best published count; UNESTABLISHED - the repo does not record a node-for-node comparison for this cell. Settled by comparing our banked rule with the published coordinates.",unrecorded,unrecorded,"our own tooling produced this rule — a cluster harvest ledger recorded this file as new to the bank — OSPool harvest ledger (cluster/finds_ospool.tsv), recorded new to the bank at the pull of 2026-09-02 19:12 UTC. There is no entry in rules/literature.tsv and no node-level match against the published rules held locally, so this is our work",13,yes,2.363498e-17,4.866200e-76,9.691222e-36,17+80,1,+0.000e+00,6.252678e-02,1.403857747,5.421404e-02,legendre_d3_p5_n13.csv,3c3adf7309286158b54d64ccb4fb9f50dadb04ed33acf89659677da01e2b64dc,sync,twin-round-down
legendre,3,7,4,26,0.740624,F,free nodes (no imposed symmetry),ours,host-provenance-index,"another machine's index of ITS OWN worker logs names this exact file on a production line — comms/provenance/L2ECON-LT0002.tsv (that machine's own log legendre.log), banked 2026-09-11T14:38:02",twin-shipped,"distinct:Xiao and Gimbutas 2010, Comput. Math. Appl. 59, 663-676","Diallo and Worku, arXiv:2601.14488: published count(s) 34 for this cell, ours is 26; equal count n=26, and a different rule: xg_cube_p7_n26.csv: different node set up to the cube's symmetry (tol 1e-8)",unrecorded,unrecorded,"our own tooling produced this rule — another machine's index of ITS OWN worker logs names this exact file on a production line — comms/provenance/L2ECON-LT0002.tsv (that machine's own log legendre.log), banked 2026-09-11T14:38:02. There is no entry in rules/literature.tsv and no node-level match against the published rules held locally, so this is our work",26,yes,2.449519e-17,6.932176e-76,1.805559e-35,17+80,1,+3.469e-18,9.325386e-03,1.510768469,4.995881e-07,legendre_d3_p7_n26.csv,336353e7a27423e587dc477d1ae065bb2e3704c504dc4e5380a961276bb08436,sync,twin-round-down
legendre,3,9,5,48,0.726848,F,free nodes (no imposed symmetry),ours,host-provenance-index,"another machine's index of ITS OWN worker logs names this exact file on a production line — comms/provenance/L2ECON-LT0002.tsv (that machine's own log legendre.log), banked 2026-09-11T14:38:02",twin-shipped,no-tie,"Diallo and Worku, arXiv:2601.14488: published count(s) 58 for this cell, ours is 48; Xiao and Gimbutas 2010, Comput. Math. Appl. 59, 663-676: published count(s) 50 for this cell, ours is 48; literature survey (publish/shared/literature_best.tsv, source key xiao_gimbutas2010): best published count 50 for this cell, ours is 48",unrecorded,unrecorded,"our own tooling produced this rule — another machine's index of ITS OWN worker logs names this exact file on a production line — comms/provenance/L2ECON-LT0002.tsv (that machine's own log legendre.log), banked 2026-09-11T14:38:02. There is no entry in rules/literature.tsv and no node-level match against the published rules held locally, so this is our work",43,no,1.582875e-17,6.948035e-75,1.385922e-35,17+80,1,+2.602e-18,3.575154e-03,1.646080096,4.996760e-07,legendre_d3_p9_n48.csv,2786bca27027dec1cbab7b20d33b282ce4e3a99962b989e2d00a1e54cb2d5cec,sync,twin-round-down
legendre,3,11,6,82,0.724080,F,free nodes (no imposed symmetry),unrecorded,none,"no sidecar, worker-log or lineage evidence in either local tree",twin-shipped,no-tie,"Diallo and Worku, arXiv:2601.14488: published count(s) 90 for this cell, ours is 82; Xiao and Gimbutas 2010, Comput. Math. Appl. 59, 663-676: published count(s) 84 for this cell, ours is 82; literature survey (publish/shared/literature_best.tsv, source key xiao_gimbutas2010): best published count 84 for this cell, ours is 82",unrecorded,unrecorded,"no entry in rules/literature.tsv or rules/lineage/; the per-rule lineage ledger only starts 2026-09-10, so this rule's origin is genuinely unrecorded. No evidence for this cell in any source consulted either: no worker log naming the file, no per-host provenance index naming it (comms/provenance/, which is how the office desktop and the laptop report their own logs), no lineage entry, no cluster harvest ledger (OSPool and Roar finds ARE recorded there), no downgrade entry and no sidecar reaching this count. So this deposit does not show who made it, in either direction",68,no,1.220404e-17,1.890373e-74,1.056359e-35,17+80,1,-2.168e-18,7.236143e-04,1.615889022,4.996625e-07,legendre_d3_p11_n82.csv,835d010b06261fa5eb39a589e8d912ee9df7256245317a89ad5bdec7c7b3afa5,sync,twin-round-down
legendre,3,13,7,128,0.719955,F,free nodes (no imposed symmetry),ours,host-provenance-index,"another machine's index of ITS OWN worker logs names this exact file on a production line — comms/provenance/L2ECON-LT0002.tsv (that machine's own log legendre.log), banked 2026-09-11T14:38:02",twin-shipped,no-tie,"Diallo and Worku, arXiv:2601.14488: published count(s) 148 for this cell, ours is 128; Xiao and Gimbutas 2010, Comput. Math. Appl. 59, 663-676: published count(s) 130 for this cell, ours is 128; literature survey (publish/shared/literature_best.tsv, source key xiao_gimbutas2010): best published count 130 for this cell, ours is 128",unrecorded,unrecorded,"our own tooling produced this rule — another machine's index of ITS OWN worker logs names this exact file on a production line — comms/provenance/L2ECON-LT0002.tsv (that machine's own log legendre.log), banked 2026-09-11T14:38:02. There is no entry in rules/literature.tsv and no node-level match against the published rules held locally, so this is our work",99,no,1.266591e-17,5.658825e-74,4.701977e-36,17+80,1,-4.554e-18,5.143101e-04,1.660773773,4.997172e-07,legendre_d3_p13_n128.csv,aea473913286eeab5f14002ac976678cf5593962caa348a119f4d39c7935900f,sync,twin-round-down
legendre,3,15,8,188,0.716082,F,free nodes (no imposed symmetry),unrecorded,none,"no sidecar, worker-log or lineage evidence in either local tree",twin-shipped,no-tie,"Diallo and Worku, arXiv:2601.14488: published count(s) 199 for this cell, ours is 188; Xiao and Gimbutas 2010, Comput. Math. Appl. 59, 663-676: published count(s) 190 for this cell, ours is 188; literature survey (publish/shared/literature_best.tsv, source key xiao_gimbutas2010): best published count 190 for this cell, ours is 188",unrecorded,unrecorded,"no entry in rules/literature.tsv or rules/lineage/; the per-rule lineage ledger only starts 2026-09-10, so this rule's origin is genuinely unrecorded. No evidence for this cell in any source consulted either: no worker log naming the file, no per-host provenance index naming it (comms/provenance/, which is how the office desktop and the laptop report their own logs), no lineage entry, no cluster harvest ledger (OSPool and Roar finds ARE recorded there), no downgrade entry and no sidecar reaching this count. So this deposit does not show who made it, in either direction",140,no,6.944690e-18,6.915522e-74,8.651638e-36,17+80,1,+1.518e-18,3.473087e-04,1.649384496,4.997158e-07,legendre_d3_p15_n188.csv,f11e5e9d84d044477379765b874ab3fdf01c9dc10701aabe85927988b83ee960,sync,twin-round-down
legendre,3,17,9,266,0.714581,F,free nodes (no imposed symmetry),ours,host-provenance-index,"another machine's index of ITS OWN worker logs names this exact file on a production line — comms/provenance/L2ECON-LT0002.tsv (that machine's own log legendre.log), banked 2026-09-11T14:38:02",twin-shipped,no-tie,"Diallo and Worku, arXiv:2601.14488: published count(s) 282 for this cell, ours is 266; literature survey (publish/shared/literature_best.tsv, source key diallo_worku2026): best published count 282 for this cell, ours is 266",unrecorded,unrecorded,"our own tooling produced this rule — another machine's index of ITS OWN worker logs names this exact file on a production line — comms/provenance/L2ECON-LT0002.tsv (that machine's own log legendre.log), banked 2026-09-11T14:38:02. There is no entry in rules/literature.tsv and no node-level match against the published rules held locally, so this is our work",189,no,6.243212e-18,4.168600e-73,4.883357e-36,17+80,1,-6.505e-19,3.405745e-04,1.676446633,4.997183e-07,legendre_d3_p17_n266.csv,5509828bd47bbb38a0394fe41af7db35ea29769efd1a236f05ee45f2bf8847fd,sync,twin-round-down
legendre,3,19,10,360,0.711379,F,free nodes (no imposed symmetry),ours,host-provenance-index,"another machine's index of ITS OWN worker logs names this exact file on a production line — comms/provenance/L2ECON-LT0002.tsv (that machine's own log legendre_worker_d3p19.log), banked 2026-08-30T09:25:42",twin-shipped,no-tie,"Diallo and Worku, arXiv:2601.14488: published count(s) 369 for this cell, ours is 360; literature survey (publish/shared/literature_best.tsv, source key diallo_worku2026): best published count 369 for this cell, ours is 360",unrecorded,unrecorded,"our own tooling produced this rule — another machine's index of ITS OWN worker logs names this exact file on a production line — comms/provenance/L2ECON-LT0002.tsv (that machine's own log legendre_worker_d3p19.log), banked 2026-08-30T09:25:42. There is no entry in rules/literature.tsv and no node-level match against the published rules held locally, so this is our work",250,no,4.981238e-18,9.578653e-73,2.892490e-36,17+80,1,+4.608e-18,8.984255e-05,1.705725414,4.996904e-07,legendre_d3_p19_n360.csv,657f7dbd40036a079c6e743cfccf5b2ca4d9fdc5e3a94ed9b7e22994837738ed,sync,twin-round-down
legendre,3,21,11,476,0.709811,F,free nodes (no imposed symmetry),ours,host-provenance-index,"another machine's index of ITS OWN worker logs names this exact file on a production line — comms/provenance/L2ECON-LT0002.tsv (that machine's own log legendre.log), banked 2026-09-11T14:38:02",twin-shipped,no-tie,"Diallo and Worku, arXiv:2601.14488: published count(s) 495 for this cell, ours is 476; literature survey (publish/shared/literature_best.tsv, source key diallo_worku2026): best published count 495 for this cell, ours is 476",unrecorded,unrecorded,"our own tooling produced this rule — another machine's index of ITS OWN worker logs names this exact file on a production line — comms/provenance/L2ECON-LT0002.tsv (that machine's own log legendre.log), banked 2026-09-11T14:38:02. There is no entry in rules/literature.tsv and no node-level match against the published rules held locally, so this is our work",321,no,6.991628e-18,1.460577e-71,5.720954e-36,17+80,1,+1.355e-19,8.933983e-05,1.686357268,4.997375e-07,legendre_d3_p21_n476.csv,a81abbd0cbb07d986441a3c2ef0bd90603b88f5e6e98555db2cbc13c2edbe32a,sync,twin-round-down
legendre,3,23,12,612,0.707515,F,free nodes (no imposed symmetry),ours,cluster-find-ledger,"a cluster harvest ledger recorded this file as new to the bank — OSPool harvest ledger (cluster/finds_ospool.tsv), recorded new to the bank at the pull of 2026-09-02 16:50 UTC",twin-shipped,no-tie,"Diallo and Worku, arXiv:2601.14488: published count(s) 617 for this cell, ours is 612; literature survey (publish/shared/literature_best.tsv, source key diallo_worku2026): best published count 617 for this cell, ours is 612",unrecorded,unrecorded,"our own tooling produced this rule — a cluster harvest ledger recorded this file as new to the bank — OSPool harvest ledger (cluster/finds_ospool.tsv), recorded new to the bank at the pull of 2026-09-02 16:50 UTC. There is no entry in rules/literature.tsv and no node-level match against the published rules held locally, so this is our work",406,no,2.933491e-18,7.176121e-70,4.244188e-36,17+80,1,-2.317e-18,5.922559e-05,1.707533255,4.998136e-07,legendre_d3_p23_n612.csv,94fbf272c013da1527941cfe917c4f8d062445029980218f9c3789d861372506,sync,twin-round-down
legendre,3,25,13,776,0.706877,F,free nodes (no imposed symmetry),ours,cluster-find-ledger,"a cluster harvest ledger recorded this file as new to the bank — OSPool harvest ledger (cluster/finds_ospool.tsv), recorded new to the bank at the pull of 2026-09-03 10:50 UTC",twin-shipped,no-tie,"Diallo and Worku, arXiv:2601.14488: published count(s) 828 for this cell, ours is 776; literature survey (publish/shared/literature_best.tsv, source key diallo_worku2026): best published count 828 for this cell, ours is 776",unrecorded,unrecorded,"our own tooling produced this rule — a cluster harvest ledger recorded this file as new to the bank — OSPool harvest ledger (cluster/finds_ospool.tsv), recorded new to the bank at the pull of 2026-09-03 10:50 UTC. There is no entry in rules/literature.tsv and no node-level match against the published rules held locally, so this is our work",503,no,7.452081e-18,2.202994e-71,2.544945e-36,17+80,1,+5.014e-19,2.542530e-05,1.699463186,4.999502e-07,legendre_d3_p25_n776.csv,45325af800f0e30c617fb78b1c1a0ec8815f286be15218b9626ecc70ae84e101,sync,twin-round-down
legendre,3,27,14,964,0.705609,F,free nodes (no imposed symmetry),"derived-from:dw_d3_p27_n984.csv (Diallo and Worku, arXiv:2601.14488, their published rule for this same d=3 p=27 cell)",host-provenance-index,"another machine's index of ITS OWN worker logs names this exact file on a production line — comms/provenance/L2ECON-LT0002.tsv (that machine's own log dw_warm_d3p27.log), banked 2026-09-11T00:05:33",twin-shipped,no-tie,"Diallo and Worku, arXiv:2601.14488: published count(s) 984 for this cell, ours is 964; literature survey (publish/shared/literature_best.tsv, source key diallo_worku2026): best published count 984 for this cell, ours is 964",legendre_d3_p27_n966.csv,dw:dw_d3_p27_n984.csv,"our pair elimination started from their published rule in this cell and went below it: the count is ours, the starting point is theirs",616,no,3.503734e-18,2.183789e-75,3.908645e-36,17+80,1,-1.016e-18,3.171086e-05,1.707261217,4.879132e-07,legendre_d3_p27_n964.csv,0cd22aa482cfdfbb0666a24d93aa3867d354b599711b94e281ecc002473a1ec5,sync,twin-round-down
legendre,3,29,15,1184,0.705276,F,free nodes (no imposed symmetry),"derived-from:dw_d3_p29_n1258.csv (Diallo and Worku, arXiv:2601.14488, their published rule for this same d=3 p=29 cell)",log-names-file,"a worker log names this exact file on a production line — dw_warm_d3p29.log: 2026-09-11 07:15:26  BANKED legendre_d3_p29_n1184.csv (relerr 1.6e-13); another machine's index of ITS OWN worker logs names this exact file on a production line — comms/provenance/poppyrose.tsv (that machine's own log dw_warm_d3p29.log), banked 2026-09-11T07:15:26",twin-shipped,no-tie,"Diallo and Worku, arXiv:2601.14488: published count(s) 1258 for this cell, ours is 1184; literature survey (publish/shared/literature_best.tsv, source key diallo_worku2026): best published count 1258 for this cell, ours is 1184",legendre_d3_p29_n1186.csv,dw:dw_d3_p29_n1258.csv,"our pair elimination started from their published rule in this cell and went below it: the count is ours, the starting point is theirs",743,no,4.582999e-18,9.277288e-78,4.412884e-36,17+80,1,+5.353e-19,1.128774e-05,1.716085678,4.908571e-07,legendre_d3_p29_n1184.csv,9fc0ddf720eddca7cdaecd3aaeddadecb9131b1e290c06978e541e7237857da9,sync,twin-round-down
legendre,3,31,16,1432,0.704468,F,free nodes (no imposed symmetry),"derived-from:dw_d3_p31_n1478.csv (Diallo and Worku, arXiv:2601.14488, their published rule for this same d=3 p=31 cell)",log-names-file,"a worker log names this exact file on a production line — dw_warm_d3p31.log: 2026-09-11 07:50:56  BANKED legendre_d3_p31_n1432.csv (relerr 1.3e-13); another machine's index of ITS OWN worker logs names this exact file on a production line — comms/provenance/poppyrose.tsv (that machine's own log dw_warm_d3p31.log), banked 2026-09-11T07:50:56",twin-shipped,no-tie,"Diallo and Worku, arXiv:2601.14488: published count(s) 1478 for this cell, ours is 1432; literature survey (publish/shared/literature_best.tsv, source key diallo_worku2026): best published count 1478 for this cell, ours is 1432",legendre_d3_p31_n1434.csv,dw:dw_d3_p31_n1478.csv,"our pair elimination started from their published rule in this cell and went below it: the count is ours, the starting point is theirs",888,no,4.358752e-18,2.840299e-76,4.637170e-36,17+80,1,+3.063e-18,1.334490e-05,1.713266807,4.909974e-07,legendre_d3_p31_n1432.csv,4221c7ca8715da286b970e17cc0a13742b00c8781db25a25b60bfe4fc8590949,sync,twin-round-down
legendre,3,33,17,1714,0.703971,F,free nodes (no imposed symmetry),"derived-from:dw_d3_p33_n1787.csv (Diallo and Worku, arXiv:2601.14488, their published rule for this same d=3 p=33 cell)",log-names-file,"a worker log names this exact file on a production line — dw_warm_d3p33.log: 2026-09-13 03:58:12  BANKED legendre_d3_p33_n1714.csv (relerr 1.9e-13); another machine's index of ITS OWN worker logs names this exact file on a production line — comms/provenance/poppyrose.tsv (that machine's own log dw_warm_d3p33.log), banked 2026-09-13T03:58:12",twin-shipped,no-tie,"Diallo and Worku, arXiv:2601.14488: published count(s) 1787 for this cell, ours is 1714; literature survey (publish/shared/literature_best.tsv, source key diallo_worku2026): best published count 1787 for this cell, ours is 1714",legendre_d3_p33_n1716.csv,dw:dw_d3_p33_n1787.csv,"our pair elimination started from their published rule in this cell and went below it: the count is ours, the starting point is theirs",1049,no,1.850155e-18,6.715305e-78,1.909798e-36,17+80,1,+1.287e-18,6.970576e-06,1.711026019,4.885430e-07,legendre_d3_p33_n1714.csv,4c9856a3fa6cd4e4a88332afeb2f3909a891d4e90cd331e0826181bdfa0230e0,sync,twin-round-down
legendre,3,35,18,2028,0.703207,F,free nodes (no imposed symmetry),"derived-from:dw_d3_p35_n2102.csv (Diallo and Worku, arXiv:2601.14488, their published rule for this same d=3 p=35 cell)",log-names-file,"a worker log names this exact file on a production line — dw_warm_d3p35.log: 2026-09-13 20:30:07  BANKED legendre_d3_p35_n2028.csv (relerr 6.0e-14); another machine's index of ITS OWN worker logs names this exact file on a production line — comms/provenance/poppyrose.tsv (that machine's own log dw_warm_d3p35.log), banked 2026-09-13T20:30:07",twin-shipped,no-tie,"Diallo and Worku, arXiv:2601.14488: published count(s) 2102 for this cell, ours is 2028; literature survey (publish/shared/literature_best.tsv, source key diallo_worku2026): best published count 2102 for this cell, ours is 2028",legendre_d3_p35_n2030.csv,dw:dw_d3_p35_n2102.csv,"our pair elimination started from their published rule in this cell and went below it: the count is ours, the starting point is theirs",1230,no,2.195509e-18,2.555759e-76,3.246195e-36,17+80,1,-2.196e-18,9.991170e-06,1.71461429,4.898468e-07,legendre_d3_p35_n2028.csv,6286dfd0686d63f4ffbf6e71248067fe1f28da41676f384120f26234cab49289,sync,twin-round-down
legendre,3,37,19,2380,0.702703,F,free nodes (no imposed symmetry),"derived-from:dw_d3_p37_n2506.csv (Diallo and Worku, arXiv:2601.14488, their published rule for this same d=3 p=37 cell)",host-provenance-index,"another machine's index of ITS OWN worker logs names this exact file on a production line — comms/provenance/L2ECON-LT0002.tsv (that machine's own log dw_warm_d3p37.log), banked 2026-09-15T12:08:25",twin-shipped,no-tie,"Diallo and Worku, arXiv:2601.14488: published count(s) 2506 for this cell, ours is 2380; literature survey (publish/shared/literature_best.tsv, source key diallo_worku2026): best published count 2506 for this cell, ours is 2380",legendre_d3_p37_n2382.csv,dw:dw_d3_p37_n2506.csv,"our pair elimination started from their published rule in this cell and went below it: the count is ours, the starting point is theirs",1429,no,2.902380e-18,1.041929e-75,2.336567e-36,17+80,1,+1.572e-18,5.914547e-06,1.715089545,4.917347e-07,legendre_d3_p37_n2380.csv,d657959f2d0c5d5832ffb1fd44b282e99315fd0369b1a360f4664500fc7c6dd3,sync,twin-round-down
legendre,3,39,20,2770,0.702204,F,free nodes (no imposed symmetry),"derived-from:dw_d3_p39_n2856.csv (Diallo and Worku, arXiv:2601.14488, their published rule for this same d=3 p=39 cell)",host-provenance-index,"another machine's index of ITS OWN worker logs names this exact file on a production line — comms/provenance/L2ECON-LT0002.tsv (that machine's own log dw_warm_d3p39.log), banked 2026-09-15T03:16:38",twin-shipped,no-tie,"Diallo and Worku, arXiv:2601.14488: published count(s) 2856 for this cell, ours is 2770; literature survey (publish/shared/literature_best.tsv, source key diallo_worku2026): best published count 2856 for this cell, ours is 2770",legendre_d3_p39_n2772.csv,dw:dw_d3_p39_n2856.csv,"our pair elimination started from their published rule in this cell and went below it: the count is ours, the starting point is theirs",1650,no,1.632905e-18,2.687796e-74,2.095728e-36,17+80,1,+3.388e-19,4.411826e-06,1.715594738,4.875226e-07,legendre_d3_p39_n2770.csv,a7a7df5d76edf486ae5bbd21af9080992737cc98091f3211ebd7d49d75b8b041,sync,twin-round-down
legendre,3,41,21,3200,0.701720,F,free nodes (no imposed symmetry),"derived-from:dw_d3_p41_n3338.csv (Diallo and Worku, arXiv:2601.14488, their published rule for this same d=3 p=41 cell)",host-provenance-index,"another machine's index of ITS OWN worker logs names this exact file on a production line — comms/provenance/L2ECON-LT0002.tsv (that machine's own log dw_warm_d3p41.log), banked 2026-09-16T15:03:17",twin-shipped,no-tie,"Diallo and Worku, arXiv:2601.14488: published count(s) 3338 for this cell, ours is 3200",legendre_d3_p41_n3202.csv,dw:dw_d3_p41_n3338.csv,"our pair elimination started from their published rule in this cell and went below it: the count is ours, the starting point is theirs",-,unknown,2.834649e-18,7.904566e-75,1.891811e-36,17+80,1,-5.675e-20,3.560539e-06,1.718118207,4.902592e-07,legendre_d3_p41_n3200.csv,ebf95f3e2e9990234ba2add38a7bee758e264c0f513642a7e84a46dfeeaa06de,sync,twin-round-down
legendre,3,43,22,3704,0.703290,F,free nodes (no imposed symmetry),"derived-from:dw_d3_p43_n3870.csv (Diallo and Worku, arXiv:2601.14488, their published rule for this same d=3 p=43 cell)",host-provenance-index,"another machine's index of ITS OWN worker logs names this exact file on a production line — comms/provenance/L2ECON-LT0002.tsv (that machine's own log dw_warm_d3p43.log), banked 2026-09-18T11:36:19",twin-shipped,no-tie,"Diallo and Worku, arXiv:2601.14488: published count(s) 3870 for this cell, ours is 3704",legendre_d3_p43_n3706.csv,dw:dw_d3_p43_n3870.csv,"our pair elimination started from their published rule in this cell and went below it: the count is ours, the starting point is theirs",-,unknown,2.436298e-18,4.941165e-71,2.501494e-36,17+80,1,+2.144e-18,1.523870e-06,1.719606802,4.998685e-07,legendre_d3_p43_n3704.csv,c95fbc0600a129d1df3bd5a221c7071fa58225015561a34ee99f3cccf9f36156,sync,twin-round-down
legendre,3,45,23,4308,0.707453,F,free nodes (no imposed symmetry),"derived-from:dw_d3_p45_n4414.csv (Diallo and Worku, arXiv:2601.14488, their published rule for this same d=3 p=45 cell)",host-provenance-index,"another machine's index of ITS OWN worker logs names this exact file on a production line — comms/provenance/L2ECON-LT0002.tsv (that machine's own log dw_warm_d3p45.log), banked 2026-09-18T11:58:56",twin-shipped,no-tie,"Diallo and Worku, arXiv:2601.14488: published count(s) 4414 for this cell, ours is 4308",legendre_d3_p45_n4310.csv,dw:dw_d3_p45_n4414.csv,"our pair elimination started from their published rule in this cell and went below it: the count is ours, the starting point is theirs",-,unknown,2.915448e-18,2.277370e-71,3.248772e-36,17+80,1,-6.577e-19,1.025680e-06,1.719095409,4.996861e-07,legendre_d3_p45_n4308.csv,4033fa34a76efb4b7bfec73dbd544ad38470e36c2d5d59a2cf498c812e04dd00,sync,twin-round-down
legendre,4,1,1,1,1.000000,F,free nodes (no imposed symmetry),unrecorded,none,"no sidecar, worker-log or lineage evidence in either local tree",twin-shipped,no-tie,"literature survey (publish/shared/literature_best.tsv, source key stroud1971): best published count 8 for this cell, ours is 1",unrecorded,unrecorded,"no entry in rules/literature.tsv or rules/lineage/; the per-rule lineage ledger only starts 2026-09-10, so this rule's origin is genuinely unrecorded. No evidence for this cell in any source consulted either: no worker log naming the file, no per-host provenance index naming it (comms/provenance/, which is how the office desktop and the laptop report their own logs), no lineage entry, no cluster harvest ledger (OSPool and Roar finds ARE recorded there), no downgrade entry and no sidecar reaching this count. So this deposit does not show who made it, in either direction",1,yes,0.000000e+00,0.000000e+00,0.000000e+00,17+80,1,+0.000e+00,1.000000e+00,1,5.000000e-01,legendre_d4_p1_n1.csv,6103f3fa1023cc75a72604c629fab0e191e1374cc886d4b77ef51f4c0457c6e5,sync,twin-round-down
legendre,4,3,2,8,0.840896,F,free nodes (no imposed symmetry),ours,host-provenance-index,"another machine's index of ITS OWN worker logs names this exact file on a production line — comms/provenance/L2ECON-LT0002.tsv (that machine's own log legendre.log), banked 2026-09-11T14:38:02",twin-shipped,"unestablished:A. H. Stroud, Approximate Calculation of Multiple Integrals, Prentice-Hall, 1971.","per the literature survey (publish/shared/literature_best.tsv, source key stroud1971): our n=8 equals the best published count; UNESTABLISHED - the repo does not record a node-for-node comparison for this cell. Settled by comparing our banked rule with the published coordinates.",unrecorded,unrecorded,"our own tooling produced this rule — another machine's index of ITS OWN worker logs names this exact file on a production line — comms/provenance/L2ECON-LT0002.tsv (that machine's own log legendre.log), banked 2026-09-11T14:38:02. There is no entry in rules/literature.tsv and no node-level match against the published rules held locally, so this is our work",8,yes,3.722428e-17,2.211426e-77,1.492186e-35,17+80,1,+0.000e+00,1.151680e-01,1.448298035,5.013745e-02,legendre_d4_p3_n8.csv,4ee90ed48014dd247768eb666b4afcf76dd61004157f453e562b628046a32863,sync,twin-round-down
legendre,4,5,3,21,0.713565,F,free nodes (no imposed symmetry),ours,log-names-file,"a worker log names this exact file on a production line — launcher.log: BANKED /home/joris/oldDesignedQuadrature/julia/rules/legendre_d4_p5_n21.csv; another machine's index of ITS OWN worker logs names this exact file on a production line — comms/provenance/poppyrose.tsv (that machine's own log launcher.log), banked 2026-09-12T03:19:48",twin-shipped,"unestablished:V. Keshavarzzadeh, R. M. Kirby, A. Narayan, Numerical integration in multiple dimensions with designed quadrature, SIAM J. Sci. Comput. 40 (2018) A2033-A2061.","per the literature survey (publish/shared/literature_best.tsv, source key keshavarzzadeh2018): our n=21 equals the best published count; UNESTABLISHED - and not settleable from anything published: Keshavarzzadeh, Kirby and Narayan report the COUNT 21 (SISC 40 (2018) A2033, Tables 1-2) but publish no coordinates for that rule, and no supplement carrying them could be found, …",unrecorded,unrecorded,"our own tooling produced this rule — a worker log names this exact file on a production line — launcher.log: BANKED /home/joris/oldDesignedQuadrature/julia/rules/legendre_d4_p5_n21.csv; another machine's index of ITS OWN worker logs names this exact file on a production line — comms/provenance/poppyrose.tsv (that machine's own log launcher.log), banked 2026-09-12T03:19:48. There is no entry in rules/literature.tsv and no node-level match against the published rules held locally, so this is our work",21,yes,1.387779e-17,4.737647e-76,1.758751e-35,17+80,1,-1.388e-17,3.613783e-02,1.593998338,4.997711e-07,legendre_d4_p5_n21.csv,684410112a8b18ef928fedc09df99b564c28f0934796040bd4c8e0133c6c3490,sync,twin-round-down
legendre,4,7,4,54,0.677702,F,free nodes (no imposed symmetry),unrecorded,none,"no sidecar, worker-log or lineage evidence in either local tree",twin-shipped,no-tie,"literature survey (publish/shared/literature_best.tsv, source key keshavarzzadeh2018): best published count 55 for this cell, ours is 54",unrecorded,unrecorded,"no entry in rules/literature.tsv or rules/lineage/; the per-rule lineage ledger only starts 2026-09-10, so this rule's origin is genuinely unrecorded. No evidence for this cell in any source consulted either: no worker log naming the file, no per-host provenance index naming it (comms/provenance/, which is how the office desktop and the laptop report their own logs), no lineage entry, no cluster harvest ledger (OSPool and Roar finds ARE recorded there), no downgrade entry and no sidecar reaching this count. So this deposit does not show who made it, in either direction",48,no,9.650954e-18,2.392588e-75,1.545288e-35,17+80,1,+5.204e-18,3.141333e-03,1.739968716,4.997465e-07,legendre_d4_p7_n54.csv,d8b50815159178968a231b6a844489ee6cb4b1907b85e31b7bd9415586275667,sync,twin-round-down
legendre,4,9,5,120,0.661950,F,free nodes (no imposed symmetry),ours,host-provenance-index,"another machine's index of ITS OWN worker logs names this exact file on a production line — comms/provenance/L2ECON-LT0002.tsv (that machine's own log legendre.log), banked 2026-09-11T14:38:02",twin-shipped,no-tie,"literature survey (publish/shared/literature_best.tsv, source key keshavarzzadeh2018): best published count 138 for this cell, ours is 120",unrecorded,unrecorded,"our own tooling produced this rule — another machine's index of ITS OWN worker logs names this exact file on a production line — comms/provenance/L2ECON-LT0002.tsv (that machine's own log legendre.log), banked 2026-09-11T14:38:02. There is no entry in rules/literature.tsv and no node-level match against the published rules held locally, so this is our work",91,no,1.006008e-17,1.998798e-74,1.166090e-35,17+80,1,-2.602e-18,1.202148e-03,1.769271798,4.996693e-07,legendre_d4_p9_n120.csv,c099396b6e7be7a08bbdd854258f3739e43b7c18a606fc8b7b8df9ae6b895968,sync,twin-round-down
legendre,4,11,6,234,0.651858,F,free nodes (no imposed symmetry),ours,host-provenance-index,"another machine's index of ITS OWN worker logs names this exact file on a production line — comms/provenance/L2ECON-LT0002.tsv (that machine's own log legendre_worker_d4p11.log), banked 2026-08-30T06:49:55",twin-shipped,no-tie,"literature survey (publish/shared/literature_best.tsv, source key frontin2021): best published count 272 for this cell, ours is 234",unrecorded,unrecorded,"our own tooling produced this rule — another machine's index of ITS OWN worker logs names this exact file on a production line — comms/provenance/L2ECON-LT0002.tsv (that machine's own log legendre_worker_d4p11.log), banked 2026-08-30T06:49:55. There is no entry in rules/literature.tsv and no node-level match against the published rules held locally, so this is our work",160,no,6.843992e-18,5.360262e-73,5.154140e-36,17+80,1,-4.987e-18,3.008778e-04,1.856422692,4.997516e-07,legendre_d4_p11_n234.csv,136befebe70a8412815152b8db5901fff499e756f3f67ffe2e1fdac3d8cc17b0,sync,twin-round-down
legendre,4,13,7,416,0.645172,F,free nodes (no imposed symmetry),ours,cluster-find-ledger,"a cluster harvest ledger recorded this file as new to the bank — OSPool harvest ledger (cluster/finds_ospool.tsv), recorded new to the bank at the pull of 2026-09-02 16:50 UTC; a cluster job log named this exact file on a production line — a job log on OSPool's access point named it (comms/provenance/clusters/ospool-ap40-logscan.tsv, log r14_14995589_313.out), banked 2026-09-01T22:14:59Z",twin-shipped,no-tie,"literature survey (publish/shared/literature_best.tsv, source key frontin2021): best published count 512 for this cell, ours is 416",unrecorded,unrecorded,"our own tooling produced this rule — a cluster harvest ledger recorded this file as new to the bank — OSPool harvest ledger (cluster/finds_ospool.tsv), recorded new to the bank at the pull of 2026-09-02 16:50 UTC; a cluster job log named this exact file on a production line — a job log on OSPool's access point named it (comms/provenance/clusters/ospool-ap40-logscan.tsv, log r14_14995589_313.out), banked 2026-09-01T22:14:59Z. There is no entry in rules/literature.tsv and no node-level match against the published rules held locally, so this is our work",259,no,5.672288e-18,5.916740e-72,4.607938e-36,17+80,1,+2.548e-18,2.113866e-04,1.874915599,4.996925e-07,legendre_d4_p13_n416.csv,04698bf1b97670fbe84e5e6ddba696f2de8331ebe261a4db8431ff509ec20042,sync,twin-round-down
legendre,4,15,8,690,0.640652,F,free nodes (no imposed symmetry),ours,host-provenance-index,"another machine's index of ITS OWN worker logs names this exact file on a production line — comms/provenance/L2ECON-LT0002.tsv (that machine's own log legendre_worker_d4p15.log), banked 2026-08-30T13:22:05; a cluster harvest ledger recorded this file as new to the bank — OSPool harvest ledger (cluster/finds_ospool.tsv), recorded new to the bank at the pull of 2026-09-02 19:12 UTC",twin-shipped,no-tie,"literature survey (publish/shared/literature_best.tsv, source key frontin2021): best published count 728 for this cell, ours is 690",unrecorded,unrecorded,"our own tooling produced this rule — another machine's index of ITS OWN worker logs names this exact file on a production line — comms/provenance/L2ECON-LT0002.tsv (that machine's own log legendre_worker_d4p15.log), banked 2026-08-30T13:22:05; a cluster harvest ledger recorded this file as new to the bank — OSPool harvest ledger (cluster/finds_ospool.tsv), recorded new to the bank at the pull of 2026-09-02 19:12 UTC. There is no entry in rules/literature.tsv and no node-level match against the published rules held locally, so this is our work",400,no,5.735532e-18,5.941542e-71,4.723007e-36,17+80,1,+3.280e-18,9.599123e-05,1.905219272,4.998381e-07,legendre_d4_p15_n690.csv,a1d55a9df06a2c90975fc26c86dd9874282ace9d44145c7c6c4020726c10e97f,sync,twin-round-down
legendre,4,17,9,1078,0.636667,F,free nodes (no imposed symmetry),ours,host-provenance-index,"another machine's index of ITS OWN worker logs names this exact file on a production line — comms/provenance/L2ECON-LT0002.tsv (that machine's own log legendre_worker_d4p17.log), banked 2026-09-01T00:18:22; a cluster harvest ledger recorded this file as new to the bank — OSPool harvest ledger (cluster/finds_ospool.tsv), recorded new to the bank at the pull of 2026-09-02 19:12 UTC",twin-shipped,no-tie,"literature survey (publish/shared/literature_best.tsv, source key frontin2021): best published count 1384 for this cell, ours is 1078",unrecorded,unrecorded,"our own tooling produced this rule — another machine's index of ITS OWN worker logs names this exact file on a production line — comms/provenance/L2ECON-LT0002.tsv (that machine's own log legendre_worker_d4p17.log), banked 2026-09-01T00:18:22; a cluster harvest ledger recorded this file as new to the bank — OSPool harvest ledger (cluster/finds_ospool.tsv), recorded new to the bank at the pull of 2026-09-02 19:12 UTC. There is no entry in rules/literature.tsv and no node-level match against the published rules held locally, so this is our work",589,no,2.764716e-18,3.915017e-71,3.402300e-36,17+80,1,-2.765e-18,3.643559e-05,1.911743654,4.998475e-07,legendre_d4_p17_n1078.csv,36d568b973c52e36ce4cca5f27be468b0ef091e358f9e805e74fde38fb46167e,sync,twin-round-down
legendre,4,19,10,1612,0.633638,F,free nodes (no imposed symmetry),ours,cluster-find-ledger,"a cluster harvest ledger recorded this file as new to the bank — OSPool harvest ledger (cluster/finds_ospool.tsv), recorded new to the bank at the pull of 2026-09-06 20:44 UTC",twin-shipped,no-published-count-on-record,no published count for this cell is recorded in the repo,unrecorded,unrecorded,"our own tooling produced this rule — a cluster harvest ledger recorded this file as new to the bank — OSPool harvest ledger (cluster/finds_ospool.tsv), recorded new to the bank at the pull of 2026-09-06 20:44 UTC. There is no entry in rules/literature.tsv and no node-level match against the published rules held locally, so this is our work",840,no,4.992888e-18,2.745088e-70,1.916105e-36,17+80,1,+4.953e-18,2.058213e-05,1.92828058,4.997105e-07,legendre_d4_p19_n1612.csv,88da5e019964646399021a147e1148bae6ba2fe166bbb10b04a3c50ce777cc1f,sync,twin-round-down
legendre,4,21,11,2322,0.631063,F,free nodes (no imposed symmetry),ours,log-names-file,"a worker log names this exact file on a production line — pairbig_d4p21_s21.log: banked legendre_d4_p21_n2322.csv  (relative exactness 2.22e-15); another machine's index of ITS OWN worker logs names this exact file on a production line — comms/provenance/poppyrose.tsv (that machine's own log pairbig_d4p21_s21.log), banked 2026-09-18T08:13:20; rules/lineage records how we made it: promoted from symq/legendre_stage, staged by an earlier run of this tool (update_legendre.jl) (parent none)",twin-shipped,no-published-count-on-record,no published count for this cell is recorded in the repo,none,none,"our own tooling produced this rule — a worker log names this exact file on a production line — pairbig_d4p21_s21.log: banked legendre_d4_p21_n2322.csv  (relative exactness 2.22e-15); another machine's index of ITS OWN worker logs names this exact file on a production line — comms/provenance/poppyrose.tsv (that machine's own log pairbig_d4p21_s21.log), banked 2026-09-18T08:13:20; rules/lineage records how we made it: promoted from symq/legendre_stage, staged by an earlier run of this tool (update_legendre.jl) (parent none). There is no entry in rules/literature.tsv and no node-level match against the published rules held locally, so this is our work",1161,no,2.442843e-18,5.860483e-71,2.605963e-36,17+80,1,-2.443e-18,1.039722e-05,1.94110779,4.999426e-07,legendre_d4_p21_n2322.csv,e75c0d1752104edf8d72e9431b951c3868d412924908bef9a059661f7c036c69,sync,twin-round-down
legendre,4,23,12,3244,0.628911,F,free nodes (no imposed symmetry),ours,log-names-file,"a worker log names this exact file on a production line — pairbig_d4p23_s21.log: banked legendre_d4_p23_n3244.csv  (relative exactness 1.54e-13); another machine's index of ITS OWN worker logs names this exact file on a production line — comms/provenance/poppyrose.tsv (that machine's own log pairbig_d4p23_s21.log), banked 2026-09-18T13:22:59; rules/lineage records how we made it: promoted from symq/legendre_stage, staged by an earlier run of this tool (update_legendre.jl) (parent none)",twin-shipped,no-published-count-on-record,no published count for this cell is recorded in the repo,none,none,"our own tooling produced this rule — a worker log names this exact file on a production line — pairbig_d4p23_s21.log: banked legendre_d4_p23_n3244.csv  (relative exactness 1.54e-13); another machine's index of ITS OWN worker logs names this exact file on a production line — comms/provenance/poppyrose.tsv (that machine's own log pairbig_d4p23_s21.log), banked 2026-09-18T13:22:59; rules/lineage records how we made it: promoted from symq/legendre_stage, staged by an earlier run of this tool (update_legendre.jl) (parent none). There is no entry in rules/literature.tsv and no node-level match against the published rules held locally, so this is our work",1568,no,3.161829e-18,8.010976e-76,2.168787e-36,17+80,1,+1.965e-19,3.935392e-06,1.953482379,4.931160e-07,legendre_d4_p23_n3244.csv,e3353c64e2bdb25a8af07b6853d24b6275a243f42c01bdf8a3e0706b3699b8d5,sync,twin-round-down
legendre,5,1,1,1,1.000000,F,free nodes (no imposed symmetry),unrecorded,none,"no sidecar, worker-log or lineage evidence in either local tree",twin-shipped,no-tie,"literature survey (publish/shared/literature_best.tsv, source key stroud1971): best published count 10 for this cell, ours is 1",unrecorded,unrecorded,"no entry in rules/literature.tsv or rules/lineage/; the per-rule lineage ledger only starts 2026-09-10, so this rule's origin is genuinely unrecorded. No evidence for this cell in any source consulted either: no worker log naming the file, no per-host provenance index naming it (comms/provenance/, which is how the office desktop and the laptop report their own logs), no lineage entry, no cluster harvest ledger (OSPool and Roar finds ARE recorded there), no downgrade entry and no sidecar reaching this count. So this deposit does not show who made it, in either direction",1,yes,0.000000e+00,0.000000e+00,0.000000e+00,17+80,1,+0.000e+00,1.000000e+00,1.118033989,5.000000e-01,legendre_d5_p1_n1.csv,0c5a53d60fcf302f48ecdb8ee9adef8781db7777c27162ada6149c0201d47702,sync,twin-round-down
legendre,5,3,2,10,0.792447,F,free nodes (no imposed symmetry),ours,host-provenance-index,"another machine's index of ITS OWN worker logs names this exact file on a production line — comms/provenance/L2ECON-LT0002.tsv (that machine's own log legendre.log), banked 2026-09-11T14:38:02",twin-shipped,"unestablished:A. H. Stroud, Approximate Calculation of Multiple Integrals, Prentice-Hall, 1971.","per the literature survey (publish/shared/literature_best.tsv, source key stroud1971): our n=10 equals the best published count; UNESTABLISHED - the repo does not record a node-for-node comparison for this cell. Settled by comparing our banked rule with the published coordinates.",unrecorded,unrecorded,"our own tooling produced this rule — another machine's index of ITS OWN worker logs names this exact file on a production line — comms/provenance/L2ECON-LT0002.tsv (that machine's own log legendre.log), banked 2026-09-11T14:38:02. There is no entry in rules/literature.tsv and no node-level match against the published rules held locally, so this is our work",10,yes,2.122836e-17,4.112220e-77,3.230793e-35,17+80,1,+0.000e+00,8.502385e-02,1.613078325,4.996596e-07,legendre_d5_p3_n10.csv,b212cab6931b5ad621381ed0c3f4ba3b970acb1026a99b07853abe94b8c6c795,sync,twin-round-down
legendre,5,5,3,32,0.666667,F,free nodes (no imposed symmetry),ours,host-provenance-index,"another machine's index of ITS OWN worker logs names this exact file on a production line — comms/provenance/L2ECON-LT0002.tsv (that machine's own log legendre.log), banked 2026-09-11T14:38:02",twin-shipped,"unestablished:A. H. Stroud, Approximate Calculation of Multiple Integrals, Prentice-Hall, 1971.","per the literature survey (publish/shared/literature_best.tsv, source key stroud1971): our n=32 equals the best published count; UNESTABLISHED - the repo does not record a node-for-node comparison for this cell. Settled by comparing our banked rule with the published coordinates.",unrecorded,unrecorded,"our own tooling produced this rule — another machine's index of ITS OWN worker logs names this exact file on a production line — comms/provenance/L2ECON-LT0002.tsv (that machine's own log legendre.log), banked 2026-09-11T14:38:02. There is no entry in rules/literature.tsv and no node-level match against the published rules held locally, so this is our work",31,no,2.775558e-17,1.218832e-75,1.805559e-35,17+80,1,-2.776e-17,2.174715e-02,1.774396335,4.995998e-07,legendre_d5_p5_n32.csv,e298e28df9dae5a3e7c288b78c75272db2289b7d054b12834094413d9e0a8f2d,sync,twin-round-down
legendre,5,7,4,100,0.627972,F,free nodes (no imposed symmetry),ours,cluster-find-ledger,"a cluster harvest ledger recorded this file as new to the bank — OSPool harvest ledger (cluster/finds_ospool.tsv), recorded new to the bank at the pull of 2026-09-03 10:50 UTC; a cluster job log named this exact file on a production line — a job log on OSPool's access point named it (comms/provenance/clusters/ospool-ap40-logscan.tsv, log r15_14995692_316.out), banked 2026-09-02T16:30:39Z",twin-shipped,no-published-count-on-record,no published count for this cell is recorded in the repo,unrecorded,unrecorded,"our own tooling produced this rule — a cluster harvest ledger recorded this file as new to the bank — OSPool harvest ledger (cluster/finds_ospool.tsv), recorded new to the bank at the pull of 2026-09-03 10:50 UTC; a cluster job log named this exact file on a production line — a job log on OSPool's access point named it (comms/provenance/clusters/ospool-ap40-logscan.tsv, log r15_14995692_316.out), banked 2026-09-02T16:30:39Z. There is no entry in rules/literature.tsv and no node-level match against the published rules held locally, so this is our work",80,no,1.107417e-17,2.878664e-73,6.211470e-36,17+80,1,+6.939e-18,2.018937e-03,1.996886789,4.998545e-07,legendre_d5_p7_n100.csv,1fb541285d320f017590e0812f9515e4c81dc1c14b252af27eec9da16e31c2b1,sync,twin-round-down
legendre,5,9,5,266,0.610951,F,free nodes (no imposed symmetry),unrecorded,none,"no sidecar, worker-log or lineage evidence in either local tree",twin-shipped,no-published-count-on-record,no published count for this cell is recorded in the repo,unrecorded,unrecorded,"no entry in rules/literature.tsv or rules/lineage/; the per-rule lineage ledger only starts 2026-09-10, so this rule's origin is genuinely unrecorded. No evidence for this cell in any source consulted either: no worker log naming the file, no per-host provenance index naming it (comms/provenance/, which is how the office desktop and the laptop report their own logs), no lineage entry, no cluster harvest ledger (OSPool and Roar finds ARE recorded there), no downgrade entry and no sidecar reaching this count. So this deposit does not show who made it, in either direction",171,no,7.171422e-18,4.401077e-72,7.300902e-36,17+80,1,-8.674e-19,5.733282e-04,2.020560668,4.998369e-07,legendre_d5_p9_n266.csv,a23616467c8d6aaa4a0c97692a09475ec74023a9f5f5117ccb100130afb41a40,sync,twin-round-down
legendre,5,11,6,602,0.599471,F,free nodes (no imposed symmetry),ours,host-provenance-index,"another machine's index of ITS OWN worker logs names this exact file on a production line — comms/provenance/L2ECON-LT0002.tsv (that machine's own log legendre_worker_d5p11.log), banked 2026-08-31T06:07:34; a cluster harvest ledger recorded this file as new to the bank — OSPool harvest ledger (cluster/finds_ospool.tsv), recorded new to the bank at the pull of 2026-09-02 19:12 UTC",twin-shipped,no-published-count-on-record,no published count for this cell is recorded in the repo,unrecorded,unrecorded,"our own tooling produced this rule — another machine's index of ITS OWN worker logs names this exact file on a production line — comms/provenance/L2ECON-LT0002.tsv (that machine's own log legendre_worker_d5p11.log), banked 2026-08-31T06:07:34; a cluster harvest ledger recorded this file as new to the bank — OSPool harvest ledger (cluster/finds_ospool.tsv), recorded new to the bank at the pull of 2026-09-02 19:12 UTC. There is no entry in rules/literature.tsv and no node-level match against the published rules held locally, so this is our work",332,no,7.391248e-18,2.213092e-72,7.217912e-36,17+80,1,-8.674e-19,1.671805e-04,1.993752619,4.999195e-07,legendre_d5_p11_n602.csv,15da8b82c0c24248d4e6a4542d7d274eea1f9c508eebc4df15ba6d45728064ff,sync,twin-round-down
legendre,5,13,7,1212,0.591020,F,free nodes (no imposed symmetry),ours,log-names-file,"a worker log names this exact file on a production line — legendre_worker_d5p13.log: banked legendre_d5_p13_n1212.csv  (relative exactness 8.88e-16); another machine's index of ITS OWN worker logs names this exact file on a production line — comms/provenance/L2ECON-LT0002.tsv (that machine's own log legendre.log), banked 2026-09-11T14:38:02; a cluster harvest ledger recorded this file as new to the bank — OSPool harvest ledger (cluster/finds_ospool.tsv), recorded new to the bank at the pull of 2026-09-02 19:12 UTC",twin-shipped,no-published-count-on-record,no published count for this cell is recorded in the repo,unrecorded,unrecorded,"our own tooling produced this rule — a worker log names this exact file on a production line — legendre_worker_d5p13.log: banked legendre_d5_p13_n1212.csv  (relative exactness 8.88e-16); another machine's index of ITS OWN worker logs names this exact file on a production line — comms/provenance/L2ECON-LT0002.tsv (that machine's own log legendre.log), banked 2026-09-11T14:38:02; a cluster harvest ledger recorded this file as new to the bank — OSPool harvest ledger (cluster/finds_ospool.tsv), recorded new to the bank at the pull of 2026-09-02 19:12 UTC. There is no entry in rules/literature.tsv and no node-level match against the published rules held locally, so this is our work",591,no,2.554529e-18,4.598699e-73,3.523933e-36,17+80,1,+2.019e-18,3.693651e-05,2.062164806,4.917608e-07,legendre_d5_p13_n1212.csv,ab572dac6ffe6a3d7bc322bd05a67b455a5a513f1f02688c171257b59ff333ef,sync,twin-round-down
legendre,5,15,8,2500,0.597720,F,free nodes (no imposed symmetry),ours,host-provenance-index,"another machine's index of ITS OWN worker logs names this exact file on a production line — comms/provenance/L2ECON-LT0002.tsv (that machine's own log legendre.log), banked 2026-09-19T13:32:57; rules/lineage records how we made it: promoted from symq/legendre_stage, staged by an earlier run of this tool (update_legendre.jl) (parent none)",twin-shipped,no-published-count-on-record,no published count for this cell is recorded in the repo,none,none,"our own tooling produced this rule — another machine's index of ITS OWN worker logs names this exact file on a production line — comms/provenance/L2ECON-LT0002.tsv (that machine's own log legendre.log), banked 2026-09-19T13:32:57; rules/lineage records how we made it: promoted from symq/legendre_stage, staged by an earlier run of this tool (update_legendre.jl) (parent none). There is no entry in rules/literature.tsv and no node-level match against the published rules held locally, so this is our work",992,no,2.905781e-18,4.604816e-73,1.691956e-36,17+80,1,-1.098e-18,3.403588e-05,2.073173651,4.997914e-07,legendre_d5_p15_n2500.csv,80d52b950d0ee935fe57d583dfed4b6f5f88405104fb1a093a65aab18b0448a7,sync,twin-round-down
legendre,5,17,9,3872,0.579889,F,free nodes (no imposed symmetry),ours,log-names-file,"a worker log names this exact file on a production line — pairbig_d5p17_s21.log: banked legendre_d5_p17_n3872.csv  (relative exactness 1.33e-15); another machine's index of ITS OWN worker logs names this exact file on a production line — comms/provenance/poppyrose.tsv (that machine's own log pairbig_d5p17_s21.log), banked 2026-09-18T22:22:31; rules/lineage records how we made it: promoted from symq/legendre_stage, staged by an earlier run of this tool (update_legendre.jl) (parent none)",twin-shipped,no-published-count-on-record,no published count for this cell is recorded in the repo,none,none,"our own tooling produced this rule — a worker log names this exact file on a production line — pairbig_d5p17_s21.log: banked legendre_d5_p17_n3872.csv  (relative exactness 1.33e-15); another machine's index of ITS OWN worker logs names this exact file on a production line — comms/provenance/poppyrose.tsv (that machine's own log pairbig_d5p17_s21.log), banked 2026-09-18T22:22:31; rules/lineage records how we made it: promoted from symq/legendre_stage, staged by an earlier run of this tool (update_legendre.jl) (parent none). There is no entry in rules/literature.tsv and no node-level match against the published rules held locally, so this is our work",-,unknown,2.361830e-18,1.247760e-71,3.461490e-36,17+80,1,+2.744e-19,1.078114e-05,2.123498991,4.997865e-07,legendre_d5_p17_n3872.csv,cd8bca104ef0d34813ad4e9ee984c9f32b7d36c9d703886269866726289753d6,sync,twin-round-down
legendre,5,19,10,6826,0.584566,F,free nodes (no imposed symmetry),ours,lineage,"rules/lineage records how we made it: promoted from symq/legendre_stage, staged by an earlier run of this tool (update_legendre.jl) (parent none)",twin-shipped,no-published-count-on-record,no published count for this cell is recorded in the repo,none,none,"our own tooling produced this rule — rules/lineage records how we made it: promoted from symq/legendre_stage, staged by an earlier run of this tool (update_legendre.jl) (parent none). There is no entry in rules/literature.tsv and no node-level match against the published rules held locally, so this is our work",-,unknown,1.427811e-18,1.372211e-78,1.948017e-36,17+80,1,+1.177e-18,5.855746e-06,2.117763846,4.925994e-07,legendre_d5_p19_n6826.csv,ae009ef861419ee43cb14cac39187185adbffd2fb8ba396f1e58d6ac666a6d7a,sync,twin-round-down
legendre,5,21,11,10984,0.584466,F,free nodes (no imposed symmetry),ours,lineage,"rules/lineage records how we made it: promoted from symq/legendre_stage, staged by an earlier run of this tool (update_legendre.jl) (parent none)",twin-shipped,no-published-count-on-record,no published count for this cell is recorded in the repo,none,none,"our own tooling produced this rule — rules/lineage records how we made it: promoted from symq/legendre_stage, staged by an earlier run of this tool (update_legendre.jl) (parent none). There is no entry in rules/literature.tsv and no node-level match against the published rules held locally, so this is our work",-,unknown,1.506783e-18,1.125276e-78,8.838372e-37,17+80,1,-2.329e-19,2.233637e-06,2.172337019,4.943925e-07,legendre_d5_p21_n10984.csv,7cfed6e5fe034b5d531211aca365dcde5d03383f1356db955488a65664bfcfac,sync,twin-round-down
